Date,Day_Of_Week,Jodi,Open_Digit,Close_Digit,Is_Valid,Raw_Entry
2012-12-31,Mon,51,5,1,True,51
2013-01-01,Tue,29,2,9,True,29
2013-01-02,Wed,50,5,0,True,50
2013-01-03,Thu,18,1,8,True,18
2013-01-04,Fri,84,8,4,True,84
2013-01-05,Sat,17,1,7,True,17
2013-01-07,Mon,99,9,9,True,99
2013-01-08,Tue,96,9,6,True,96
2013-01-09,Wed,33,3,3,True,33
2013-01-10,Thu,96,9,6,True,96
2013-01-11,Fri,67,6,7,True,67
2013-01-12,Sat,26,2,6,True,26
2013-01-14,Mon,,,,False,**
2013-01-15,Tue,17,1,7,True,17
2013-01-16,Wed,88,8,8,True,88
2013-01-17,Thu,99,9,9,True,99
2013-01-18,Fri,28,2,8,True,28
2013-01-19,Sat,96,9,6,True,96
2013-01-21,Mon,86,8,6,True,86
2013-01-22,Tue,16,1,6,True,16
2013-01-23,Wed,63,6,3,True,63
2013-01-24,Thu,94,9,4,True,94
2013-01-25,Fri,53,5,3,True,53
2013-01-26,Sat,,,,False,**
2013-01-28,Mon,32,3,2,True,32
2013-01-29,Tue,66,6,6,True,66
2013-01-30,Wed,70,7,0,True,70
2013-01-31,Thu,46,4,6,True,46
2013-02-01,Fri,68,6,8,True,68
2013-02-02,Sat,45,4,5,True,45
2013-02-04,Mon,19,1,9,True,19
2013-02-05,Tue,23,2,3,True,23
2013-02-06,Wed,35,3,5,True,35
2013-02-07,Thu,31,3,1,True,31
2013-02-08,Fri,09,0,9,True,09
2013-02-09,Sat,83,8,3,True,83
2013-02-11,Mon,79,7,9,True,79
2013-02-12,Tue,22,2,2,True,22
2013-02-13,Wed,79,7,9,True,79
2013-02-14,Thu,39,3,9,True,39
2013-02-15,Fri,53,5,3,True,53
2013-02-16,Sat,77,7,7,True,77
2013-02-18,Mon,67,6,7,True,67
2013-02-19,Tue,99,9,9,True,99
2013-02-20,Wed,35,3,5,True,35
2013-02-21,Thu,14,1,4,True,14
2013-02-22,Fri,03,0,3,True,03
2013-02-23,Sat,52,5,2,True,52
2013-02-25,Mon,53,5,3,True,53
2013-02-26,Tue,20,2,0,True,20
2013-02-27,Wed,41,4,1,True,41
2013-02-28,Thu,58,5,8,True,58
2013-03-01,Fri,50,5,0,True,50
2013-03-02,Sat,11,1,1,True,11
2013-03-04,Mon,38,3,8,True,38
2013-03-05,Tue,22,2,2,True,22
2013-03-06,Wed,68,6,8,True,68
2013-03-07,Thu,26,2,6,True,26
2013-03-08,Fri,22,2,2,True,22
2013-03-09,Sat,23,2,3,True,23
2013-03-11,Mon,36,3,6,True,36
2013-03-12,Tue,51,5,1,True,51
2013-03-13,Wed,92,9,2,True,92
2013-03-14,Thu,48,4,8,True,48
2013-03-15,Fri,54,5,4,True,54
2013-03-16,Sat,82,8,2,True,82
2013-03-18,Mon,16,1,6,True,16
2013-03-19,Tue,41,4,1,True,41
2013-03-20,Wed,41,4,1,True,41
2013-03-21,Thu,45,4,5,True,45
2013-03-22,Fri,10,1,0,True,10
2013-03-23,Sat,70,7,0,True,70
2013-03-25,Mon,03,0,3,True,03
2013-03-26,Tue,15,1,5,True,15
2013-03-27,Wed,,,,False,**
2013-03-28,Thu,79,7,9,True,79
2013-03-29,Fri,63,6,3,True,63
2013-03-30,Sat,43,4,3,True,43
2013-04-01,Mon,90,9,0,True,90
2013-04-02,Tue,40,4,0,True,40
2013-04-03,Wed,77,7,7,True,77
2013-04-04,Thu,52,5,2,True,52
2013-04-05,Fri,22,2,2,True,22
2013-04-06,Sat,26,2,6,True,26
2013-04-08,Mon,96,9,6,True,96
2013-04-09,Tue,22,2,2,True,22
2013-04-10,Wed,49,4,9,True,49
2013-04-11,Thu,24,2,4,True,24
2013-04-12,Fri,21,2,1,True,21
2013-04-13,Sat,50,5,0,True,50
2013-04-15,Mon,21,2,1,True,21
2013-04-16,Tue,81,8,1,True,81
2013-04-17,Wed,87,8,7,True,87
2013-04-18,Thu,50,5,0,True,50
2013-04-19,Fri,63,6,3,True,63
2013-04-20,Sat,56,5,6,True,56
2013-04-22,Mon,,,,False,9*
2013-04-23,Tue,45,4,5,True,45
2013-04-24,Wed,45,4,5,True,45
2013-04-25,Thu,57,5,7,True,57
2013-04-26,Fri,92,9,2,True,92
2013-04-27,Sat,39,3,9,True,39
2013-04-29,Mon,00,0,0,True,00
2013-04-30,Tue,45,4,5,True,45
2013-05-01,Wed,81,8,1,True,81
2013-05-02,Thu,89,8,9,True,89
2013-05-03,Fri,62,6,2,True,62
2013-05-04,Sat,97,9,7,True,97
2013-05-06,Mon,22,2,2,True,22
2013-05-07,Tue,00,0,0,True,00
2013-05-08,Wed,98,9,8,True,98
2013-05-09,Thu,84,8,4,True,84
2013-05-10,Fri,06,0,6,True,06
2013-05-11,Sat,49,4,9,True,49
2013-05-13,Mon,15,1,5,True,15
2013-05-14,Tue,17,1,7,True,17
2013-05-15,Wed,68,6,8,True,68
2013-05-16,Thu,05,0,5,True,05
2013-05-17,Fri,09,0,9,True,09
2013-05-18,Sat,31,3,1,True,31
2013-05-20,Mon,87,8,7,True,87
2013-05-21,Tue,95,9,5,True,95
2013-05-22,Wed,21,2,1,True,21
2013-05-23,Thu,65,6,5,True,65
2013-05-24,Fri,52,5,2,True,52
2013-05-25,Sat,88,8,8,True,88
2013-05-27,Mon,06,0,6,True,06
2013-05-28,Tue,51,5,1,True,51
2013-05-29,Wed,00,0,0,True,00
2013-05-30,Thu,84,8,4,True,84
2013-05-31,Fri,32,3,2,True,32
2013-06-01,Sat,51,5,1,True,51
2013-06-03,Mon,69,6,9,True,69
2013-06-04,Tue,47,4,7,True,47
2013-06-05,Wed,83,8,3,True,83
2013-06-06,Thu,90,9,0,True,90
2013-06-07,Fri,16,1,6,True,16
2013-06-08,Sat,02,0,2,True,02
2013-06-10,Mon,19,1,9,True,19
2013-06-11,Tue,98,9,8,True,98
2013-06-12,Wed,83,8,3,True,83
2013-06-13,Thu,49,4,9,True,49
2013-06-14,Fri,47,4,7,True,47
2013-06-15,Sat,69,6,9,True,69
2013-06-17,Mon,60,6,0,True,60
2013-06-18,Tue,57,5,7,True,57
2013-06-19,Wed,42,4,2,True,42
2013-06-20,Thu,91,9,1,True,91
2013-06-21,Fri,73,7,3,True,73
2013-06-22,Sat,21,2,1,True,21
2013-06-24,Mon,19,1,9,True,19
2013-06-25,Tue,47,4,7,True,47
2013-06-26,Wed,85,8,5,True,85
2013-06-27,Thu,75,7,5,True,75
2013-06-28,Fri,33,3,3,True,33
2013-06-29,Sat,17,1,7,True,17
2013-07-01,Mon,83,8,3,True,83
2013-07-02,Tue,61,6,1,True,61
2013-07-03,Wed,55,5,5,True,55
2013-07-04,Thu,97,9,7,True,97
2013-07-05,Fri,43,4,3,True,43
2013-07-06,Sat,66,6,6,True,66
2013-07-08,Mon,83,8,3,True,83
2013-07-09,Tue,14,1,4,True,14
2013-07-10,Wed,54,5,4,True,54
2013-07-11,Thu,62,6,2,True,62
2013-07-12,Fri,12,1,2,True,12
2013-07-13,Sat,19,1,9,True,19
2013-07-15,Mon,03,0,3,True,03
2013-07-16,Tue,79,7,9,True,79
2013-07-17,Wed,70,7,0,True,70
2013-07-18,Thu,45,4,5,True,45
2013-07-19,Fri,69,6,9,True,69
2013-07-20,Sat,07,0,7,True,07
2013-07-22,Mon,83,8,3,True,83
2013-07-23,Tue,37,3,7,True,37
2013-07-24,Wed,39,3,9,True,39
2013-07-25,Thu,22,2,2,True,22
2013-07-26,Fri,83,8,3,True,83
2013-07-27,Sat,35,3,5,True,35
2013-07-29,Mon,61,6,1,True,61
2013-07-30,Tue,51,5,1,True,51
2013-07-31,Wed,82,8,2,True,82
2013-08-01,Thu,78,7,8,True,78
2013-08-02,Fri,47,4,7,True,47
2013-08-03,Sat,70,7,0,True,70
2013-08-05,Mon,64,6,4,True,64
2013-08-06,Tue,08,0,8,True,08
2013-08-07,Wed,21,2,1,True,21
2013-08-08,Thu,30,3,0,True,30
2013-08-09,Fri,,,,False,**
2013-08-10,Sat,78,7,8,True,78
2013-08-12,Mon,68,6,8,True,68
2013-08-13,Tue,64,6,4,True,64
2013-08-14,Wed,76,7,6,True,76
2013-08-15,Thu,,,,False,**
2013-08-16,Fri,71,7,1,True,71
2013-08-17,Sat,92,9,2,True,92
2013-08-19,Mon,05,0,5,True,05
2013-08-20,Tue,68,6,8,True,68
2013-08-21,Wed,55,5,5,True,55
2013-08-22,Thu,60,6,0,True,60
2013-08-23,Fri,08,0,8,True,08
2013-08-24,Sat,97,9,7,True,97
2013-08-26,Mon,46,4,6,True,46
2013-08-27,Tue,53,5,3,True,53
2013-08-28,Wed,39,3,9,True,39
2013-08-29,Thu,97,9,7,True,97
2013-08-30,Fri,60,6,0,True,60
2013-08-31,Sat,91,9,1,True,91
2013-09-02,Mon,75,7,5,True,75
2013-09-03,Tue,70,7,0,True,70
2013-09-04,Wed,28,2,8,True,28
2013-09-05,Thu,42,4,2,True,42
2013-09-06,Fri,45,4,5,True,45
2013-09-07,Sat,52,5,2,True,52
2013-09-09,Mon,,,,False,**
2013-09-10,Tue,01,0,1,True,01
2013-09-11,Wed,07,0,7,True,07
2013-09-12,Thu,81,8,1,True,81
2013-09-13,Fri,20,2,0,True,20
2013-09-14,Sat,48,4,8,True,48
2013-09-16,Mon,31,3,1,True,31
2013-09-17,Tue,77,7,7,True,77
2013-09-18,Wed,55,5,5,True,55
2013-09-19,Thu,27,2,7,True,27
2013-09-20,Fri,77,7,7,True,77
2013-09-21,Sat,24,2,4,True,24
2013-09-23,Mon,54,5,4,True,54
2013-09-24,Tue,95,9,5,True,95
2013-09-25,Wed,30,3,0,True,30
2013-09-26,Thu,73,7,3,True,73
2013-09-27,Fri,30,3,0,True,30
2013-09-28,Sat,59,5,9,True,59
2013-09-30,Mon,57,5,7,True,57
2013-10-01,Tue,59,5,9,True,59
2013-10-02,Wed,41,4,1,True,41
2013-10-03,Thu,68,6,8,True,68
2013-10-04,Fri,94,9,4,True,94
2013-10-05,Sat,37,3,7,True,37
2013-10-07,Mon,22,2,2,True,22
2013-10-08,Tue,03,0,3,True,03
2013-10-09,Wed,33,3,3,True,33
2013-10-10,Thu,06,0,6,True,06
2013-10-11,Fri,80,8,0,True,80
2013-10-12,Sat,71,7,1,True,71
2013-10-14,Mon,29,2,9,True,29
2013-10-15,Tue,93,9,3,True,93
2013-10-16,Wed,97,9,7,True,97
2013-10-17,Thu,33,3,3,True,33
2013-10-18,Fri,86,8,6,True,86
2013-10-19,Sat,82,8,2,True,82
2013-10-21,Mon,51,5,1,True,51
2013-10-22,Tue,03,0,3,True,03
2013-10-23,Wed,52,5,2,True,52
2013-10-24,Thu,68,6,8,True,68
2013-10-25,Fri,26,2,6,True,26
2013-10-26,Sat,03,0,3,True,03
2013-10-28,Mon,94,9,4,True,94
2013-10-29,Tue,64,6,4,True,64
2013-10-30,Wed,86,8,6,True,86
2013-10-31,Thu,40,4,0,True,40
2013-11-01,Fri,,,,False,**
2013-11-02,Sat,,,,False,**
2013-11-11,Mon,61,6,1,True,61
2013-11-12,Tue,21,2,1,True,21
2013-11-13,Wed,25,2,5,True,25
2013-11-14,Thu,54,5,4,True,54
2013-11-15,Fri,45,4,5,True,45
2013-11-16,Sat,54,5,4,True,54
2013-11-18,Mon,20,2,0,True,20
2013-11-19,Tue,21,2,1,True,21
2013-11-20,Wed,27,2,7,True,27
2013-11-21,Thu,71,7,1,True,71
2013-11-22,Fri,94,9,4,True,94
2013-11-23,Sat,97,9,7,True,97
2013-11-25,Mon,76,7,6,True,76
2013-11-26,Tue,05,0,5,True,05
2013-11-27,Wed,93,9,3,True,93
2013-11-28,Thu,01,0,1,True,01
2013-11-29,Fri,51,5,1,True,51
2013-11-30,Sat,89,8,9,True,89
2013-12-02,Mon,45,4,5,True,45
2013-12-03,Tue,31,3,1,True,31
2013-12-04,Wed,60,6,0,True,60
2013-12-05,Thu,28,2,8,True,28
2013-12-06,Fri,70,7,0,True,70
2013-12-07,Sat,76,7,6,True,76
2013-12-09,Mon,28,2,8,True,28
2013-12-10,Tue,52,5,2,True,52
2013-12-11,Wed,20,2,0,True,20
2013-12-12,Thu,41,4,1,True,41
2013-12-13,Fri,29,2,9,True,29
2013-12-14,Sat,48,4,8,True,48
2013-12-16,Mon,32,3,2,True,32
2013-12-17,Tue,67,6,7,True,67
2013-12-18,Wed,41,4,1,True,41
2013-12-19,Thu,16,1,6,True,16
2013-12-20,Fri,65,6,5,True,65
2013-12-21,Sat,79,7,9,True,79
2013-12-23,Mon,80,8,0,True,80
2013-12-24,Tue,83,8,3,True,83
2013-12-25,Wed,51,5,1,True,51
2013-12-26,Thu,54,5,4,True,54
2013-12-27,Fri,98,9,8,True,98
2013-12-28,Sat,58,5,8,True,58
2013-12-30,Mon,83,8,3,True,83
2013-12-31,Tue,08,0,8,True,08
2014-01-01,Wed,48,4,8,True,48
2014-01-02,Thu,68,6,8,True,68
2014-01-03,Fri,86,8,6,True,86
2014-01-04,Sat,52,5,2,True,52
2014-01-06,Mon,39,3,9,True,39
2014-01-07,Tue,01,0,1,True,01
2014-01-08,Wed,83,8,3,True,83
2014-01-09,Thu,32,3,2,True,32
2014-01-10,Fri,87,8,7,True,87
2014-01-11,Sat,42,4,2,True,42
2014-01-13,Mon,82,8,2,True,82
2014-01-14,Tue,,,,False,**
2014-01-15,Wed,73,7,3,True,73
2014-01-16,Thu,18,1,8,True,18
2014-01-17,Fri,78,7,8,True,78
2014-01-18,Sat,05,0,5,True,05
2014-01-20,Mon,89,8,9,True,89
2014-01-21,Tue,80,8,0,True,80
2014-01-22,Wed,20,2,0,True,20
2014-01-23,Thu,49,4,9,True,49
2014-01-24,Fri,63,6,3,True,63
2014-01-25,Sat,74,7,4,True,74
2014-01-27,Mon,87,8,7,True,87
2014-01-28,Tue,30,3,0,True,30
2014-01-29,Wed,32,3,2,True,32
2014-01-30,Thu,02,0,2,True,02
2014-01-31,Fri,16,1,6,True,16
2014-02-01,Sat,02,0,2,True,02
2014-02-03,Mon,24,2,4,True,24
2014-02-04,Tue,29,2,9,True,29
2014-02-05,Wed,86,8,6,True,86
2014-02-06,Thu,15,1,5,True,15
2014-02-07,Fri,43,4,3,True,43
2014-02-08,Sat,40,4,0,True,40
2014-02-10,Mon,09,0,9,True,09
2014-02-11,Tue,84,8,4,True,84
2014-02-12,Wed,78,7,8,True,78
2014-02-13,Thu,28,2,8,True,28
2014-02-14,Fri,90,9,0,True,90
2014-02-15,Sat,22,2,2,True,22
2014-02-17,Mon,68,6,8,True,68
2014-02-18,Tue,59,5,9,True,59
2014-02-19,Wed,02,0,2,True,02
2014-02-20,Thu,53,5,3,True,53
2014-02-21,Fri,18,1,8,True,18
2014-02-22,Sat,34,3,4,True,34
2014-02-24,Mon,81,8,1,True,81
2014-02-25,Tue,95,9,5,True,95
2014-02-26,Wed,55,5,5,True,55
2014-02-27,Thu,51,5,1,True,51
2014-02-28,Fri,65,6,5,True,65
2014-03-01,Sat,69,6,9,True,69
2014-03-03,Mon,59,5,9,True,59
2014-03-04,Tue,62,6,2,True,62
2014-03-05,Wed,12,1,2,True,12
2014-03-06,Thu,70,7,0,True,70
2014-03-07,Fri,51,5,1,True,51
2014-03-08,Sat,31,3,1,True,31
2014-03-10,Mon,69,6,9,True,69
2014-03-11,Tue,98,9,8,True,98
2014-03-12,Wed,87,8,7,True,87
2014-03-13,Thu,66,6,6,True,66
2014-03-14,Fri,24,2,4,True,24
2014-03-15,Sat,64,6,4,True,64
2014-03-17,Mon,,,,False,**
2014-03-18,Tue,83,8,3,True,83
2014-03-19,Wed,76,7,6,True,76
2014-03-20,Thu,31,3,1,True,31
2014-03-21,Fri,44,4,4,True,44
2014-03-22,Sat,46,4,6,True,46
2014-03-24,Mon,,,,False,**
2014-03-25,Tue,,,,False,**
2014-03-26,Wed,,,,False,**
2014-03-27,Thu,37,3,7,True,37
2014-03-28,Fri,21,2,1,True,21
2014-03-29,Sat,34,3,4,True,34
2014-03-31,Mon,44,4,4,True,44
2014-04-01,Tue,27,2,7,True,27
2014-04-02,Wed,26,2,6,True,26
2014-04-03,Thu,21,2,1,True,21
2014-04-04,Fri,28,2,8,True,28
2014-04-05,Sat,81,8,1,True,81
2014-04-07,Mon,09,0,9,True,09
2014-04-08,Tue,00,0,0,True,00
2014-04-09,Wed,64,6,4,True,64
2014-04-10,Thu,28,2,8,True,28
2014-04-11,Fri,02,0,2,True,02
2014-04-12,Sat,66,6,6,True,66
2014-04-14,Mon,26,2,6,True,26
2014-04-15,Tue,60,6,0,True,60
2014-04-16,Wed,58,5,8,True,58
2014-04-17,Thu,22,2,2,True,22
2014-04-18,Fri,11,1,1,True,11
2014-04-19,Sat,45,4,5,True,45
2014-04-21,Mon,44,4,4,True,44
2014-04-22,Tue,69,6,9,True,69
2014-04-23,Wed,74,7,4,True,74
2014-04-24,Thu,57,5,7,True,57
2014-04-25,Fri,44,4,4,True,44
2014-04-26,Sat,57,5,7,True,57
2014-04-28,Mon,07,0,7,True,07
2014-04-29,Tue,92,9,2,True,92
2014-04-30,Wed,60,6,0,True,60
2014-05-01,Thu,99,9,9,True,99
2014-05-02,Fri,63,6,3,True,63
2014-05-03,Sat,84,8,4,True,84
2014-05-05,Mon,45,4,5,True,45
2014-05-06,Tue,03,0,3,True,03
2014-05-07,Wed,30,3,0,True,30
2014-05-08,Thu,93,9,3,True,93
2014-05-09,Fri,91,9,1,True,91
2014-05-10,Sat,27,2,7,True,27
2014-05-12,Mon,60,6,0,True,60
2014-05-13,Tue,17,1,7,True,17
2014-05-14,Wed,69,6,9,True,69
2014-05-15,Thu,82,8,2,True,82
2014-05-16,Fri,49,4,9,True,49
2014-05-17,Sat,69,6,9,True,69
2014-05-19,Mon,77,7,7,True,77
2014-05-20,Tue,61,6,1,True,61
2014-05-21,Wed,61,6,1,True,61
2014-05-22,Thu,00,0,0,True,00
2014-05-23,Fri,39,3,9,True,39
2014-05-24,Sat,84,8,4,True,84
2014-05-26,Mon,11,1,1,True,11
2014-05-27,Tue,37,3,7,True,37
2014-05-28,Wed,14,1,4,True,14
2014-05-29,Thu,99,9,9,True,99
2014-05-30,Fri,77,7,7,True,77
2014-05-31,Sat,43,4,3,True,43
2014-06-02,Mon,90,9,0,True,90
2014-06-03,Tue,16,1,6,True,16
2014-06-04,Wed,62,6,2,True,62
2014-06-05,Thu,27,2,7,True,27
2014-06-06,Fri,52,5,2,True,52
2014-06-07,Sat,05,0,5,True,05
2014-06-09,Mon,43,4,3,True,43
2014-06-10,Tue,91,9,1,True,91
2014-06-11,Wed,07,0,7,True,07
2014-06-12,Thu,89,8,9,True,89
2014-06-13,Fri,25,2,5,True,25
2014-06-14,Sat,17,1,7,True,17
2014-06-16,Mon,28,2,8,True,28
2014-06-17,Tue,82,8,2,True,82
2014-06-18,Wed,27,2,7,True,27
2014-06-19,Thu,30,3,0,True,30
2014-06-20,Fri,22,2,2,True,22
2014-06-21,Sat,17,1,7,True,17
2014-06-23,Mon,00,0,0,True,00
2014-06-24,Tue,13,1,3,True,13
2014-06-25,Wed,36,3,6,True,36
2014-06-26,Thu,51,5,1,True,51
2014-06-27,Fri,88,8,8,True,88
2014-06-28,Sat,95,9,5,True,95
2014-06-30,Mon,98,9,8,True,98
2014-07-01,Tue,49,4,9,True,49
2014-07-02,Wed,90,9,0,True,90
2014-07-03,Thu,50,5,0,True,50
2014-07-04,Fri,59,5,9,True,59
2014-07-05,Sat,95,9,5,True,95
2014-07-07,Mon,48,4,8,True,48
2014-07-08,Tue,74,7,4,True,74
2014-07-09,Wed,68,6,8,True,68
2014-07-10,Thu,68,6,8,True,68
2014-07-11,Fri,72,7,2,True,72
2014-07-12,Sat,18,1,8,True,18
2014-07-14,Mon,40,4,0,True,40
2014-07-15,Tue,63,6,3,True,63
2014-07-16,Wed,98,9,8,True,98
2014-07-17,Thu,21,2,1,True,21
2014-07-18,Fri,65,6,5,True,65
2014-07-19,Sat,37,3,7,True,37
2014-07-21,Mon,37,3,7,True,37
2014-07-22,Tue,35,3,5,True,35
2014-07-23,Wed,62,6,2,True,62
2014-07-24,Thu,46,4,6,True,46
2014-07-25,Fri,15,1,5,True,15
2014-07-26,Sat,65,6,5,True,65
2014-07-28,Mon,49,4,9,True,49
2014-07-29,Tue,,,,False,**
2014-07-30,Wed,48,4,8,True,48
2014-07-31,Thu,12,1,2,True,12
2014-08-01,Fri,81,8,1,True,81
2014-08-02,Sat,08,0,8,True,08
2014-08-04,Mon,73,7,3,True,73
2014-08-05,Tue,62,6,2,True,62
2014-08-06,Wed,97,9,7,True,97
2014-08-07,Thu,14,1,4,True,14
2014-08-08,Fri,42,4,2,True,42
2014-08-09,Sat,42,4,2,True,42
2014-08-11,Mon,71,7,1,True,71
2014-08-12,Tue,49,4,9,True,49
2014-08-13,Wed,46,4,6,True,46
2014-08-14,Thu,29,2,9,True,29
2014-08-15,Fri,,,,False,**
2014-08-16,Sat,69,6,9,True,69
2014-08-18,Mon,90,9,0,True,90
2014-08-19,Tue,44,4,4,True,44
2014-08-20,Wed,49,4,9,True,49
2014-08-21,Thu,31,3,1,True,31
2014-08-22,Fri,86,8,6,True,86
2014-08-23,Sat,15,1,5,True,15
2014-08-25,Mon,93,9,3,True,93
2014-08-26,Tue,97,9,7,True,97
2014-08-27,Wed,79,7,9,True,79
2014-08-28,Thu,06,0,6,True,06
2014-08-29,Fri,35,3,5,True,35
2014-08-30,Sat,09,0,9,True,09
2014-09-01,Mon,06,0,6,True,06
2014-09-02,Tue,91,9,1,True,91
2014-09-03,Wed,90,9,0,True,90
2014-09-04,Thu,96,9,6,True,96
2014-09-05,Fri,90,9,0,True,90
2014-09-06,Sat,72,7,2,True,72
2014-09-08,Mon,59,5,9,True,59
2014-09-09,Tue,12,1,2,True,12
2014-09-10,Wed,80,8,0,True,80
2014-09-11,Thu,67,6,7,True,67
2014-09-12,Fri,08,0,8,True,08
2014-09-13,Sat,78,7,8,True,78
2014-09-15,Mon,05,0,5,True,05
2014-09-16,Tue,85,8,5,True,85
2014-09-17,Wed,81,8,1,True,81
2014-09-18,Thu,49,4,9,True,49
2014-09-19,Fri,53,5,3,True,53
2014-09-20,Sat,82,8,2,True,82
2014-09-22,Mon,43,4,3,True,43
2014-09-23,Tue,08,0,8,True,08
2014-09-24,Wed,07,0,7,True,07
2014-09-25,Thu,69,6,9,True,69
2014-09-26,Fri,75,7,5,True,75
2014-09-27,Sat,15,1,5,True,15
2014-09-29,Mon,66,6,6,True,66
2014-09-30,Tue,25,2,5,True,25
2014-10-01,Wed,06,0,6,True,06
2014-10-02,Thu,34,3,4,True,34
2014-10-03,Fri,98,9,8,True,98
2014-10-04,Sat,93,9,3,True,93
2014-10-06,Mon,81,8,1,True,81
2014-10-07,Tue,46,4,6,True,46
2014-10-08,Wed,37,3,7,True,37
2014-10-09,Thu,44,4,4,True,44
2014-10-10,Fri,67,6,7,True,67
2014-10-11,Sat,50,5,0,True,50
2014-10-13,Mon,07,0,7,True,07
2014-10-14,Tue,13,1,3,True,13
2014-10-15,Wed,89,8,9,True,89
2014-10-16,Thu,28,2,8,True,28
2014-10-17,Fri,04,0,4,True,04
2014-10-18,Sat,53,5,3,True,53
2014-10-27,Mon,,,,False,**
2014-10-28,Tue,91,9,1,True,91
2014-10-29,Wed,24,2,4,True,24
2014-10-30,Thu,92,9,2,True,92
2014-10-31,Fri,82,8,2,True,82
2014-11-01,Sat,86,8,6,True,86
2014-11-03,Mon,16,1,6,True,16
2014-11-04,Tue,16,1,6,True,16
2014-11-05,Wed,93,9,3,True,93
2014-11-06,Thu,37,3,7,True,37
2014-11-07,Fri,38,3,8,True,38
2014-11-08,Sat,56,5,6,True,56
2014-11-10,Mon,91,9,1,True,91
2014-11-11,Tue,83,8,3,True,83
2014-11-12,Wed,46,4,6,True,46
2014-11-13,Thu,55,5,5,True,55
2014-11-14,Fri,93,9,3,True,93
2014-11-15,Sat,86,8,6,True,86
2014-11-17,Mon,22,2,2,True,22
2014-11-18,Tue,71,7,1,True,71
2014-11-19,Wed,01,0,1,True,01
2014-11-20,Thu,02,0,2,True,02
2014-11-21,Fri,52,5,2,True,52
2014-11-22,Sat,60,6,0,True,60
2014-11-24,Mon,05,0,5,True,05
2014-11-25,Tue,73,7,3,True,73
2014-11-26,Wed,74,7,4,True,74
2014-11-27,Thu,38,3,8,True,38
2014-11-28,Fri,34,3,4,True,34
2014-11-29,Sat,73,7,3,True,73
2014-12-01,Mon,12,1,2,True,12
2014-12-02,Tue,22,2,2,True,22
2014-12-03,Wed,29,2,9,True,29
2014-12-04,Thu,58,5,8,True,58
2014-12-05,Fri,52,5,2,True,52
2014-12-06,Sat,90,9,0,True,90
2014-12-08,Mon,99,9,9,True,99
2014-12-09,Tue,35,3,5,True,35
2014-12-10,Wed,27,2,7,True,27
2014-12-11,Thu,22,2,2,True,22
2014-12-12,Fri,16,1,6,True,16
2014-12-13,Sat,23,2,3,True,23
2014-12-15,Mon,55,5,5,True,55
2014-12-16,Tue,66,6,6,True,66
2014-12-17,Wed,10,1,0,True,10
2014-12-18,Thu,93,9,3,True,93
2014-12-19,Fri,95,9,5,True,95
2014-12-20,Sat,27,2,7,True,27
2014-12-22,Mon,47,4,7,True,47
2014-12-23,Tue,72,7,2,True,72
2014-12-24,Wed,58,5,8,True,58
2014-12-25,Thu,41,4,1,True,41
2014-12-26,Fri,12,1,2,True,12
2014-12-27,Sat,35,3,5,True,35
2014-12-29,Mon,04,0,4,True,04
2014-12-30,Tue,10,1,0,True,10
2014-12-31,Wed,58,5,8,True,58
2015-01-01,Thu,37,3,7,True,37
2015-01-02,Fri,41,4,1,True,41
2015-01-03,Sat,83,8,3,True,83
2015-01-05,Mon,54,5,4,True,54
2015-01-06,Tue,22,2,2,True,22
2015-01-07,Wed,41,4,1,True,41
2015-01-08,Thu,06,0,6,True,06
2015-01-09,Fri,44,4,4,True,44
2015-01-10,Sat,96,9,6,True,96
2015-01-12,Mon,09,0,9,True,09
2015-01-13,Tue,06,0,6,True,06
2015-01-14,Wed,,,,False,**
2015-01-15,Thu,68,6,8,True,68
2015-01-16,Fri,78,7,8,True,78
2015-01-17,Sat,78,7,8,True,78
2015-01-19,Mon,33,3,3,True,33
2015-01-20,Tue,66,6,6,True,66
2015-01-21,Wed,64,6,4,True,64
2015-01-22,Thu,34,3,4,True,34
2015-01-23,Fri,62,6,2,True,62
2015-01-24,Sat,93,9,3,True,93
2015-01-26,Mon,,,,False,**
2015-01-27,Tue,07,0,7,True,07
2015-01-28,Wed,04,0,4,True,04
2015-01-29,Thu,84,8,4,True,84
2015-01-30,Fri,92,9,2,True,92
2015-01-31,Sat,29,2,9,True,29
2015-02-02,Mon,90,9,0,True,90
2015-02-03,Tue,36,3,6,True,36
2015-02-04,Wed,76,7,6,True,76
2015-02-05,Thu,09,0,9,True,09
2015-02-06,Fri,13,1,3,True,13
2015-02-07,Sat,81,8,1,True,81
2015-02-09,Mon,31,3,1,True,31
2015-02-10,Tue,97,9,7,True,97
2015-02-11,Wed,99,9,9,True,99
2015-02-12,Thu,73,7,3,True,73
2015-02-13,Fri,53,5,3,True,53
2015-02-14,Sat,66,6,6,True,66
2015-02-16,Mon,99,9,9,True,99
2015-02-17,Tue,92,9,2,True,92
2015-02-18,Wed,15,1,5,True,15
2015-02-19,Thu,14,1,4,True,14
2015-02-20,Fri,54,5,4,True,54
2015-02-21,Sat,57,5,7,True,57
2015-02-23,Mon,84,8,4,True,84
2015-02-24,Tue,13,1,3,True,13
2015-02-25,Wed,78,7,8,True,78
2015-02-26,Thu,14,1,4,True,14
2015-02-27,Fri,83,8,3,True,83
2015-02-28,Sat,31,3,1,True,31
2015-03-02,Mon,80,8,0,True,80
2015-03-03,Tue,77,7,7,True,77
2015-03-04,Wed,27,2,7,True,27
2015-03-05,Thu,63,6,3,True,63
2015-03-06,Fri,,,,False,**
2015-03-07,Sat,15,1,5,True,15
2015-03-09,Mon,85,8,5,True,85
2015-03-10,Tue,80,8,0,True,80
2015-03-11,Wed,87,8,7,True,87
2015-03-12,Thu,01,0,1,True,01
2015-03-13,Fri,81,8,1,True,81
2015-03-14,Sat,55,5,5,True,55
2015-03-16,Mon,76,7,6,True,76
2015-03-17,Tue,43,4,3,True,43
2015-03-18,Wed,79,7,9,True,79
2015-03-19,Thu,33,3,3,True,33
2015-03-20,Fri,47,4,7,True,47
2015-03-21,Sat,02,0,2,True,02
2015-03-23,Mon,33,3,3,True,33
2015-03-24,Tue,95,9,5,True,95
2015-03-25,Wed,47,4,7,True,47
2015-03-26,Thu,20,2,0,True,20
2015-03-27,Fri,50,5,0,True,50
2015-03-28,Sat,32,3,2,True,32
2015-03-30,Mon,38,3,8,True,38
2015-03-31,Tue,10,1,0,True,10
2015-04-01,Wed,99,9,9,True,99
2015-04-02,Thu,42,4,2,True,42
2015-04-03,Fri,04,0,4,True,04
2015-04-04,Sat,64,6,4,True,64
2015-04-06,Mon,15,1,5,True,15
2015-04-07,Tue,90,9,0,True,90
2015-04-08,Wed,12,1,2,True,12
2015-04-09,Thu,39,3,9,True,39
2015-04-10,Fri,15,1,5,True,15
2015-04-11,Sat,25,2,5,True,25
2015-04-13,Mon,68,6,8,True,68
2015-04-14,Tue,56,5,6,True,56
2015-04-15,Wed,61,6,1,True,61
2015-04-16,Thu,65,6,5,True,65
2015-04-17,Fri,12,1,2,True,12
2015-04-18,Sat,04,0,4,True,04
2015-04-20,Mon,61,6,1,True,61
2015-04-21,Tue,96,9,6,True,96
2015-04-22,Wed,95,9,5,True,95
2015-04-23,Thu,62,6,2,True,62
2015-04-24,Fri,38,3,8,True,38
2015-04-25,Sat,93,9,3,True,93
2015-04-27,Mon,43,4,3,True,43
2015-04-28,Tue,31,3,1,True,31
2015-04-29,Wed,46,4,6,True,46
2015-04-30,Thu,64,6,4,True,64
2015-05-01,Fri,54,5,4,True,54
2015-05-02,Sat,63,6,3,True,63
2015-05-04,Mon,52,5,2,True,52
2015-05-05,Tue,61,6,1,True,61
2015-05-06,Wed,89,8,9,True,89
2015-05-07,Thu,03,0,3,True,03
2015-05-08,Fri,71,7,1,True,71
2015-05-09,Sat,60,6,0,True,60
2015-05-11,Mon,89,8,9,True,89
2015-05-12,Tue,82,8,2,True,82
2015-05-13,Wed,40,4,0,True,40
2015-05-14,Thu,17,1,7,True,17
2015-05-15,Fri,71,7,1,True,71
2015-05-16,Sat,64,6,4,True,64
2015-05-18,Mon,41,4,1,True,41
2015-05-19,Tue,76,7,6,True,76
2015-05-20,Wed,64,6,4,True,64
2015-05-21,Thu,26,2,6,True,26
2015-05-22,Fri,20,2,0,True,20
2015-05-23,Sat,69,6,9,True,69
2015-05-25,Mon,92,9,2,True,92
2015-05-26,Tue,28,2,8,True,28
2015-05-27,Wed,73,7,3,True,73
2015-05-28,Thu,08,0,8,True,08
2015-05-29,Fri,63,6,3,True,63
2015-05-30,Sat,51,5,1,True,51
2015-06-01,Mon,42,4,2,True,42
2015-06-02,Tue,34,3,4,True,34
2015-06-03,Wed,20,2,0,True,20
2015-06-04,Thu,29,2,9,True,29
2015-06-05,Fri,23,2,3,True,23
2015-06-06,Sat,46,4,6,True,46
2015-06-08,Mon,01,0,1,True,01
2015-06-09,Tue,81,8,1,True,81
2015-06-10,Wed,44,4,4,True,44
2015-06-11,Thu,08,0,8,True,08
2015-06-12,Fri,59,5,9,True,59
2015-06-13,Sat,72,7,2,True,72
2015-06-15,Mon,48,4,8,True,48
2015-06-16,Tue,94,9,4,True,94
2015-06-17,Wed,15,1,5,True,15
2015-06-18,Thu,98,9,8,True,98
2015-06-19,Fri,34,3,4,True,34
2015-06-20,Sat,31,3,1,True,31
2015-06-22,Mon,02,0,2,True,02
2015-06-23,Tue,35,3,5,True,35
2015-06-24,Wed,23,2,3,True,23
2015-06-25,Thu,85,8,5,True,85
2015-06-26,Fri,65,6,5,True,65
2015-06-27,Sat,00,0,0,True,00
2015-06-29,Mon,86,8,6,True,86
2015-06-30,Tue,64,6,4,True,64
2015-07-01,Wed,89,8,9,True,89
2015-07-02,Thu,70,7,0,True,70
2015-07-03,Fri,36,3,6,True,36
2015-07-04,Sat,86,8,6,True,86
2015-07-06,Mon,65,6,5,True,65
2015-07-07,Tue,27,2,7,True,27
2015-07-08,Wed,12,1,2,True,12
2015-07-09,Thu,27,2,7,True,27
2015-07-10,Fri,33,3,3,True,33
2015-07-11,Sat,38,3,8,True,38
2015-07-13,Mon,80,8,0,True,80
2015-07-14,Tue,32,3,2,True,32
2015-07-15,Wed,91,9,1,True,91
2015-07-16,Thu,20,2,0,True,20
2015-07-17,Fri,65,6,5,True,65
2015-07-18,Sat,,,,False,**
2015-07-20,Mon,11,1,1,True,11
2015-07-21,Tue,55,5,5,True,55
2015-07-22,Wed,88,8,8,True,88
2015-07-23,Thu,20,2,0,True,20
2015-07-24,Fri,94,9,4,True,94
2015-07-25,Sat,29,2,9,True,29
2015-07-27,Mon,94,9,4,True,94
2015-07-28,Tue,98,9,8,True,98
2015-07-29,Wed,04,0,4,True,04
2015-07-30,Thu,04,0,4,True,04
2015-07-31,Fri,20,2,0,True,20
2015-08-01,Sat,07,0,7,True,07
2015-08-03,Mon,26,2,6,True,26
2015-08-04,Tue,28,2,8,True,28
2015-08-05,Wed,88,8,8,True,88
2015-08-06,Thu,98,9,8,True,98
2015-08-07,Fri,92,9,2,True,92
2015-08-08,Sat,44,4,4,True,44
2015-08-10,Mon,57,5,7,True,57
2015-08-11,Tue,14,1,4,True,14
2015-08-12,Wed,20,2,0,True,20
2015-08-13,Thu,59,5,9,True,59
2015-08-14,Fri,90,9,0,True,90
2015-08-15,Sat,,,,False,**
2015-08-17,Mon,60,6,0,True,60
2015-08-18,Tue,48,4,8,True,48
2015-08-19,Wed,21,2,1,True,21
2015-08-20,Thu,50,5,0,True,50
2015-08-21,Fri,07,0,7,True,07
2015-08-22,Sat,92,9,2,True,92
2015-08-24,Mon,67,6,7,True,67
2015-08-25,Tue,88,8,8,True,88
2015-08-26,Wed,42,4,2,True,42
2015-08-27,Thu,99,9,9,True,99
2015-08-28,Fri,16,1,6,True,16
2015-08-29,Sat,74,7,4,True,74
2015-08-31,Mon,99,9,9,True,99
2015-09-01,Tue,75,7,5,True,75
2015-09-02,Wed,11,1,1,True,11
2015-09-03,Thu,04,0,4,True,04
2015-09-04,Fri,55,5,5,True,55
2015-09-05,Sat,97,9,7,True,97
2015-09-07,Mon,18,1,8,True,18
2015-09-08,Tue,99,9,9,True,99
2015-09-09,Wed,75,7,5,True,75
2015-09-10,Thu,96,9,6,True,96
2015-09-11,Fri,76,7,6,True,76
2015-09-12,Sat,41,4,1,True,41
2015-09-14,Mon,20,2,0,True,20
2015-09-15,Tue,55,5,5,True,55
2015-09-16,Wed,21,2,1,True,21
2015-09-17,Thu,36,3,6,True,36
2015-09-18,Fri,58,5,8,True,58
2015-09-19,Sat,45,4,5,True,45
2015-09-21,Mon,92,9,2,True,92
2015-09-22,Tue,97,9,7,True,97
2015-09-23,Wed,00,0,0,True,00
2015-09-24,Thu,58,5,8,True,58
2015-09-25,Fri,03,0,3,True,03
2015-09-26,Sat,01,0,1,True,01
2015-09-28,Mon,78,7,8,True,78
2015-09-29,Tue,41,4,1,True,41
2015-09-30,Wed,18,1,8,True,18
2015-10-01,Thu,68,6,8,True,68
2015-10-02,Fri,54,5,4,True,54
2015-10-03,Sat,34,3,4,True,34
2015-10-05,Mon,31,3,1,True,31
2015-10-06,Tue,98,9,8,True,98
2015-10-07,Wed,57,5,7,True,57
2015-10-08,Thu,56,5,6,True,56
2015-10-09,Fri,80,8,0,True,80
2015-10-10,Sat,28,2,8,True,28
2015-10-12,Mon,04,0,4,True,04
2015-10-13,Tue,02,0,2,True,02
2015-10-14,Wed,41,4,1,True,41
2015-10-15,Thu,19,1,9,True,19
2015-10-16,Fri,04,0,4,True,04
2015-10-17,Sat,49,4,9,True,49
2015-10-19,Mon,04,0,4,True,04
2015-10-20,Tue,12,1,2,True,12
2015-10-21,Wed,43,4,3,True,43
2015-10-22,Thu,82,8,2,True,82
2015-10-23,Fri,67,6,7,True,67
2015-10-24,Sat,80,8,0,True,80
2015-10-26,Mon,14,1,4,True,14
2015-10-27,Tue,64,6,4,True,64
2015-10-28,Wed,14,1,4,True,14
2015-10-29,Thu,42,4,2,True,42
2015-10-30,Fri,76,7,6,True,76
2015-10-31,Sat,39,3,9,True,39
2015-11-01,Mon,62,6,2,True,62
2015-11-02,Tue,00,0,0,True,00
2015-11-03,Wed,86,8,6,True,86
2015-11-04,Thu,83,8,3,True,83
2015-11-05,Fri,44,4,4,True,44
2015-11-06,Sat,79,7,9,True,79
2015-11-16,Mon,27,2,7,True,27
2015-11-17,Tue,51,5,1,True,51
2015-11-18,Wed,06,0,6,True,06
2015-11-19,Thu,81,8,1,True,81
2015-11-20,Fri,72,7,2,True,72
2015-11-21,Sat,61,6,1,True,61
2015-11-23,Mon,83,8,3,True,83
2015-11-24,Tue,75,7,5,True,75
2015-11-25,Wed,73,7,3,True,73
2015-11-26,Thu,30,3,0,True,30
2015-11-27,Fri,85,8,5,True,85
2015-11-28,Sat,73,7,3,True,73
2015-11-30,Mon,39,3,9,True,39
2015-12-01,Tue,79,7,9,True,79
2015-12-02,Wed,50,5,0,True,50
2015-12-03,Thu,43,4,3,True,43
2015-12-04,Fri,00,0,0,True,00
2015-12-05,Sat,61,6,1,True,61
2015-12-07,Mon,34,3,4,True,34
2015-12-08,Tue,50,5,0,True,50
2015-12-09,Wed,33,3,3,True,33
2015-12-10,Thu,26,2,6,True,26
2015-12-11,Fri,85,8,5,True,85
2015-12-12,Sat,29,2,9,True,29
2015-12-14,Mon,33,3,3,True,33
2015-12-15,Tue,74,7,4,True,74
2015-12-16,Wed,93,9,3,True,93
2015-12-17,Thu,07,0,7,True,07
2015-12-18,Fri,78,7,8,True,78
2015-12-19,Sat,83,8,3,True,83
2015-12-21,Mon,81,8,1,True,81
2015-12-22,Tue,17,1,7,True,17
2015-12-23,Wed,38,3,8,True,38
2015-12-24,Thu,34,3,4,True,34
2015-12-25,Fri,43,4,3,True,43
2015-12-26,Sat,15,1,5,True,15
2015-12-28,Mon,90,9,0,True,90
2015-12-29,Tue,17,1,7,True,17
2015-12-30,Wed,56,5,6,True,56
2015-12-31,Thu,23,2,3,True,23
2016-01-01,Fri,51,5,1,True,51
2016-01-02,Sat,30,3,0,True,30
2016-01-04,Mon,73,7,3,True,73
2016-01-05,Tue,27,2,7,True,27
2016-01-06,Wed,45,4,5,True,45
2016-01-07,Thu,72,7,2,True,72
2016-01-08,Fri,98,9,8,True,98
2016-01-09,Sat,11,1,1,True,11
2016-01-11,Mon,70,7,0,True,70
2016-01-12,Tue,02,0,2,True,02
2016-01-13,Wed,96,9,6,True,96
2016-01-14,Thu,69,6,9,True,69
2016-01-15,Fri,82,8,2,True,82
2016-01-16,Sat,35,3,5,True,35
2016-01-18,Mon,98,9,8,True,98
2016-01-19,Tue,73,7,3,True,73
2016-01-20,Wed,93,9,3,True,93
2016-01-21,Thu,09,0,9,True,09
2016-01-22,Fri,75,7,5,True,75
2016-01-23,Sat,59,5,9,True,59
2016-01-25,Mon,61,6,1,True,61
2016-01-26,Tue,,,,False,**
2016-01-27,Wed,26,2,6,True,26
2016-01-28,Thu,25,2,5,True,25
2016-01-29,Fri,41,4,1,True,41
2016-01-30,Sat,01,0,1,True,01
2016-02-01,Mon,09,0,9,True,09
2016-02-02,Tue,73,7,3,True,73
2016-02-03,Wed,87,8,7,True,87
2016-02-04,Thu,75,7,5,True,75
2016-02-05,Fri,62,6,2,True,62
2016-02-06,Sat,75,7,5,True,75
2016-02-08,Mon,13,1,3,True,13
2016-02-09,Tue,08,0,8,True,08
2016-02-10,Wed,27,2,7,True,27
2016-02-11,Thu,23,2,3,True,23
2016-02-12,Fri,03,0,3,True,03
2016-02-13,Sat,80,8,0,True,80
2016-02-15,Mon,66,6,6,True,66
2016-02-16,Tue,46,4,6,True,46
2016-02-17,Wed,94,9,4,True,94
2016-02-18,Thu,27,2,7,True,27
2016-02-19,Fri,04,0,4,True,04
2016-02-20,Sat,08,0,8,True,08
2016-02-22,Mon,67,6,7,True,67
2016-02-23,Tue,23,2,3,True,23
2016-02-24,Wed,64,6,4,True,64
2016-02-25,Thu,51,5,1,True,51
2016-02-26,Fri,56,5,6,True,56
2016-02-27,Sat,71,7,1,True,71
2016-02-29,Mon,01,0,1,True,01
2016-03-01,Tue,30,3,0,True,30
2016-03-02,Wed,23,2,3,True,23
2016-03-03,Thu,76,7,6,True,76
2016-03-04,Fri,88,8,8,True,88
2016-03-05,Sat,23,2,3,True,23
2016-03-07,Mon,02,0,2,True,02
2016-03-08,Tue,96,9,6,True,96
2016-03-09,Wed,48,4,8,True,48
2016-03-10,Thu,59,5,9,True,59
2016-03-11,Fri,31,3,1,True,31
2016-03-12,Sat,87,8,7,True,87
2016-03-14,Mon,66,6,6,True,66
2016-03-15,Tue,54,5,4,True,54
2016-03-16,Wed,40,4,0,True,40
2016-03-17,Thu,88,8,8,True,88
2016-03-18,Fri,04,0,4,True,04
2016-03-19,Sat,01,0,1,True,01
2016-03-21,Mon,49,4,9,True,49
2016-03-22,Tue,93,9,3,True,93
2016-03-23,Wed,71,7,1,True,71
2016-03-24,Thu,,,,False,**
2016-03-25,Fri,61,6,1,True,61
2016-03-26,Sat,53,5,3,True,53
2016-03-28,Mon,50,5,0,True,50
2016-03-29,Tue,88,8,8,True,88
2016-03-30,Wed,07,0,7,True,07
2016-03-31,Thu,09,0,9,True,09
2016-04-01,Fri,53,5,3,True,53
2016-04-02,Sat,41,4,1,True,41
2016-04-04,Mon,34,3,4,True,34
2016-04-05,Tue,38,3,8,True,38
2016-04-06,Wed,53,5,3,True,53
2016-04-07,Thu,57,5,7,True,57
2016-04-08,Fri,52,5,2,True,52
2016-04-09,Sat,72,7,2,True,72
2016-04-11,Mon,31,3,1,True,31
2016-04-12,Tue,85,8,5,True,85
2016-04-13,Wed,90,9,0,True,90
2016-04-14,Thu,21,2,1,True,21
2016-04-15,Fri,41,4,1,True,41
2016-04-16,Sat,45,4,5,True,45
2016-04-18,Mon,47,4,7,True,47
2016-04-19,Tue,69,6,9,True,69
2016-04-20,Wed,20,2,0,True,20
2016-04-21,Thu,83,8,3,True,83
2016-04-22,Fri,59,5,9,True,59
2016-04-23,Sat,35,3,5,True,35
2016-04-25,Mon,34,3,4,True,34
2016-04-26,Tue,88,8,8,True,88
2016-04-27,Wed,15,1,5,True,15
2016-04-28,Thu,80,8,0,True,80
2016-04-29,Fri,12,1,2,True,12
2016-04-30,Sat,89,8,9,True,89
2016-05-02,Mon,51,5,1,True,51
2016-05-03,Tue,31,3,1,True,31
2016-05-04,Wed,77,7,7,True,77
2016-05-05,Thu,94,9,4,True,94
2016-05-06,Fri,84,8,4,True,84
2016-05-07,Sat,18,1,8,True,18
2016-05-09,Mon,21,2,1,True,21
2016-05-10,Tue,12,1,2,True,12
2016-05-11,Wed,24,2,4,True,24
2016-05-12,Thu,52,5,2,True,52
2016-05-13,Fri,55,5,5,True,55
2016-05-14,Sat,75,7,5,True,75
2016-05-16,Mon,21,2,1,True,21
2016-05-17,Tue,41,4,1,True,41
2016-05-18,Wed,20,2,0,True,20
2016-05-19,Thu,74,7,4,True,74
2016-05-20,Fri,90,9,0,True,90
2016-05-21,Sat,26,2,6,True,26
2016-05-23,Mon,19,1,9,True,19
2016-05-24,Tue,12,1,2,True,12
2016-05-25,Wed,99,9,9,True,99
2016-05-26,Thu,19,1,9,True,19
2016-05-27,Fri,94,9,4,True,94
2016-05-28,Sat,42,4,2,True,42
2016-05-30,Mon,53,5,3,True,53
2016-05-31,Tue,28,2,8,True,28
2016-06-01,Wed,26,2,6,True,26
2016-06-02,Thu,67,6,7,True,67
2016-06-03,Fri,71,7,1,True,71
2016-06-04,Sat,55,5,5,True,55
2016-06-06,Mon,91,9,1,True,91
2016-06-07,Tue,87,8,7,True,87
2016-06-08,Wed,99,9,9,True,99
2016-06-09,Thu,40,4,0,True,40
2016-06-10,Fri,32,3,2,True,32
2016-06-11,Sat,22,2,2,True,22
2016-06-13,Mon,55,5,5,True,55
2016-06-14,Tue,90,9,0,True,90
2016-06-15,Wed,10,1,0,True,10
2016-06-16,Thu,63,6,3,True,63
2016-06-17,Fri,49,4,9,True,49
2016-06-18,Sat,96,9,6,True,96
2016-06-20,Mon,80,8,0,True,80
2016-06-21,Tue,17,1,7,True,17
2016-06-22,Wed,79,7,9,True,79
2016-06-23,Thu,51,5,1,True,51
2016-06-24,Fri,30,3,0,True,30
2016-06-25,Sat,66,6,6,True,66
2016-06-27,Mon,47,4,7,True,47
2016-06-28,Tue,09,0,9,True,09
2016-06-29,Wed,59,5,9,True,59
2016-06-30,Thu,07,0,7,True,07
2016-07-01,Fri,84,8,4,True,84
2016-07-02,Sat,57,5,7,True,57
2016-07-04,Mon,28,2,8,True,28
2016-07-05,Tue,53,5,3,True,53
2016-07-06,Wed,93,9,3,True,93
2016-07-07,Thu,,,,False,xx
2016-07-08,Fri,46,4,6,True,46
2016-07-09,Sat,36,3,6,True,36
2016-07-11,Mon,02,0,2,True,02
2016-07-12,Tue,20,2,0,True,20
2016-07-13,Wed,78,7,8,True,78
2016-07-14,Thu,02,0,2,True,02
2016-07-15,Fri,04,0,4,True,04
2016-07-16,Sat,99,9,9,True,99
2016-07-18,Mon,16,1,6,True,16
2016-07-19,Tue,71,7,1,True,71
2016-07-20,Wed,41,4,1,True,41
2016-07-21,Thu,72,7,2,True,72
2016-07-22,Fri,41,4,1,True,41
2016-07-23,Sat,47,4,7,True,47
2016-07-25,Mon,49,4,9,True,49
2016-07-26,Tue,71,7,1,True,71
2016-07-27,Wed,65,6,5,True,65
2016-07-28,Thu,09,0,9,True,09
2016-07-29,Fri,86,8,6,True,86
2016-07-30,Sat,25,2,5,True,25
2016-08-01,Mon,16,1,6,True,16
2016-08-02,Tue,01,0,1,True,01
2016-08-03,Wed,05,0,5,True,05
2016-08-04,Thu,61,6,1,True,61
2016-08-05,Fri,62,6,2,True,62
2016-08-06,Sat,05,0,5,True,05
2016-08-08,Mon,40,4,0,True,40
2016-08-09,Tue,38,3,8,True,38
2016-08-10,Wed,97,9,7,True,97
2016-08-11,Thu,64,6,4,True,64
2016-08-12,Fri,47,4,7,True,47
2016-08-13,Sat,81,8,1,True,81
2016-08-15,Mon,,,,False,xx
2016-08-16,Tue,62,6,2,True,62
2016-08-17,Wed,82,8,2,True,82
2016-08-18,Thu,98,9,8,True,98
2016-08-19,Fri,91,9,1,True,91
2016-08-20,Sat,89,8,9,True,89
2016-08-22,Mon,37,3,7,True,37
2016-08-23,Tue,00,0,0,True,00
2016-08-24,Wed,19,1,9,True,19
2016-08-25,Thu,24,2,4,True,24
2016-08-26,Fri,15,1,5,True,15
2016-08-27,Sat,98,9,8,True,98
2016-08-29,Mon,33,3,3,True,33
2016-08-30,Tue,92,9,2,True,92
2016-08-31,Wed,77,7,7,True,77
2016-09-01,Thu,89,8,9,True,89
2016-09-02,Fri,31,3,1,True,31
2016-09-03,Sat,82,8,2,True,82
2016-09-05,Mon,61,6,1,True,61
2016-09-06,Tue,31,3,1,True,31
2016-09-07,Wed,70,7,0,True,70
2016-09-08,Thu,89,8,9,True,89
2016-09-09,Fri,52,5,2,True,52
2016-09-10,Sat,30,3,0,True,30
2016-09-12,Mon,65,6,5,True,65
2016-09-13,Tue,38,3,8,True,38
2016-09-14,Wed,86,8,6,True,86
2016-09-15,Thu,33,3,3,True,33
2016-09-16,Fri,15,1,5,True,15
2016-09-17,Sat,16,1,6,True,16
2016-09-19,Mon,30,3,0,True,30
2016-09-20,Tue,22,2,2,True,22
2016-09-21,Wed,33,3,3,True,33
2016-09-22,Thu,30,3,0,True,30
2016-09-23,Fri,58,5,8,True,58
2016-09-24,Sat,36,3,6,True,36
2016-09-26,Mon,55,5,5,True,55
2016-09-27,Tue,16,1,6,True,16
2016-09-28,Wed,29,2,9,True,29
2016-09-29,Thu,82,8,2,True,82
2016-09-30,Fri,77,7,7,True,77
2016-10-01,Sat,36,3,6,True,36
2016-10-03,Mon,38,3,8,True,38
2016-10-04,Tue,95,9,5,True,95
2016-10-05,Wed,03,0,3,True,03
2016-10-06,Thu,17,1,7,True,17
2016-10-07,Fri,48,4,8,True,48
2016-10-08,Sat,32,3,2,True,32
2016-10-10,Mon,78,7,8,True,78
2016-10-11,Tue,45,4,5,True,45
2016-10-12,Wed,61,6,1,True,61
2016-10-13,Thu,41,4,1,True,41
2016-10-14,Fri,00,0,0,True,00
2016-10-15,Sat,21,2,1,True,21
2016-10-17,Mon,05,0,5,True,05
2016-10-18,Tue,62,6,2,True,62
2016-10-19,Wed,85,8,5,True,85
2016-10-20,Thu,89,8,9,True,89
2016-10-21,Fri,75,7,5,True,75
2016-10-22,Sat,52,5,2,True,52
2016-10-24,Mon,09,0,9,True,09
2016-10-25,Tue,93,9,3,True,93
2016-10-26,Wed,80,8,0,True,80
2016-10-27,Thu,43,4,3,True,43
2016-10-28,Fri,,,,False,**
2016-10-29,Sat,,,,False,**
2016-10-31,Mon,,,,False,**
2016-11-01,Tue,,,,False,**
2016-11-02,Wed,,,,False,**
2016-11-03,Thu,,,,False,**
2016-11-04,Fri,,,,False,**
2016-11-05,Sat,,,,False,**
2016-11-07,Mon,65,6,5,True,65
2016-11-08,Tue,62,6,2,True,62
2016-11-09,Wed,71,7,1,True,71
2016-11-10,Thu,76,7,6,True,76
2016-11-11,Fri,40,4,0,True,40
2016-11-12,Sat,17,1,7,True,17
2016-11-14,Mon,97,9,7,True,97
2016-11-15,Tue,33,3,3,True,33
2016-11-16,Wed,65,6,5,True,65
2016-11-17,Thu,66,6,6,True,66
2016-11-18,Fri,31,3,1,True,31
2016-11-19,Sat,35,3,5,True,35
2016-11-21,Mon,15,1,5,True,15
2016-11-22,Tue,95,9,5,True,95
2016-11-23,Wed,97,9,7,True,97
2016-11-24,Thu,74,7,4,True,74
2016-11-25,Fri,19,1,9,True,19
2016-11-26,Sat,88,8,8,True,88
2016-11-28,Mon,94,9,4,True,94
2016-11-29,Tue,20,2,0,True,20
2016-11-30,Wed,95,9,5,True,95
2016-12-01,Thu,58,5,8,True,58
2016-12-02,Fri,47,4,7,True,47
2016-12-03,Sat,79,7,9,True,79
2016-12-05,Mon,34,3,4,True,34
2016-12-06,Tue,14,1,4,True,14
2016-12-07,Wed,57,5,7,True,57
2016-12-08,Thu,67,6,7,True,67
2016-12-09,Fri,97,9,7,True,97
2016-12-10,Sat,50,5,0,True,50
2016-12-12,Mon,81,8,1,True,81
2016-12-13,Tue,19,1,9,True,19
2016-12-14,Wed,57,5,7,True,57
2016-12-15,Thu,53,5,3,True,53
2016-12-16,Fri,34,3,4,True,34
2016-12-17,Sat,96,9,6,True,96
2016-12-19,Mon,84,8,4,True,84
2016-12-20,Tue,87,8,7,True,87
2016-12-21,Wed,30,3,0,True,30
2016-12-22,Thu,12,1,2,True,12
2016-12-23,Fri,19,1,9,True,19
2016-12-24,Sat,59,5,9,True,59
2016-12-26,Mon,81,8,1,True,81
2016-12-27,Tue,45,4,5,True,45
2016-12-28,Wed,48,4,8,True,48
2016-12-29,Thu,61,6,1,True,61
2016-12-30,Fri,60,6,0,True,60
2016-12-31,Sat,57,5,7,True,57
2017-01-02,Mon,80,8,0,True,80
2017-01-03,Tue,86,8,6,True,86
2017-01-04,Wed,76,7,6,True,76
2017-01-05,Thu,46,4,6,True,46
2017-01-06,Fri,58,5,8,True,58
2017-01-07,Sat,48,4,8,True,48
2017-01-09,Mon,84,8,4,True,84
2017-01-10,Tue,98,9,8,True,98
2017-01-11,Wed,00,0,0,True,00
2017-01-12,Thu,49,4,9,True,49
2017-01-13,Fri,66,6,6,True,66
2017-01-14,Sat,84,8,4,True,84
2017-01-16,Mon,62,6,2,True,62
2017-01-17,Tue,14,1,4,True,14
2017-01-18,Wed,45,4,5,True,45
2017-01-19,Thu,24,2,4,True,24
2017-01-20,Fri,05,0,5,True,05
2017-01-21,Sat,82,8,2,True,82
2017-01-23,Mon,59,5,9,True,59
2017-01-24,Tue,18,1,8,True,18
2017-01-25,Wed,99,9,9,True,99
2017-01-26,Thu,,,,False,**
2017-01-27,Fri,65,6,5,True,65
2017-01-28,Sat,78,7,8,True,78
2017-01-30,Mon,22,2,2,True,22
2017-01-31,Tue,08,0,8,True,08
2017-02-01,Wed,96,9,6,True,96
2017-02-02,Thu,31,3,1,True,31
2017-02-03,Fri,75,7,5,True,75
2017-02-04,Sat,10,1,0,True,10
2017-02-06,Mon,53,5,3,True,53
2017-02-07,Tue,22,2,2,True,22
2017-02-08,Wed,96,9,6,True,96
2017-02-09,Thu,56,5,6,True,56
2017-02-10,Fri,24,2,4,True,24
2017-02-11,Sat,32,3,2,True,32
2017-02-13,Mon,10,1,0,True,10
2017-02-14,Tue,94,9,4,True,94
2017-02-15,Wed,91,9,1,True,91
2017-02-16,Thu,94,9,4,True,94
2017-02-17,Fri,32,3,2,True,32
2017-02-18,Sat,35,3,5,True,35
2017-02-20,Mon,35,3,5,True,35
2017-02-21,Tue,58,5,8,True,58
2017-02-22,Wed,35,3,5,True,35
2017-02-23,Thu,73,7,3,True,73
2017-02-24,Fri,04,0,4,True,04
2017-02-25,Sat,45,4,5,True,45
2017-02-27,Mon,82,8,2,True,82
2017-02-28,Tue,89,8,9,True,89
2017-03-01,Wed,43,4,3,True,43
2017-03-02,Thu,43,4,3,True,43
2017-03-03,Fri,47,4,7,True,47
2017-03-04,Sat,16,1,6,True,16
2017-03-06,Mon,22,2,2,True,22
2017-03-07,Tue,46,4,6,True,46
2017-03-08,Wed,46,4,6,True,46
2017-03-09,Thu,35,3,5,True,35
2017-03-10,Fri,01,0,1,True,01
2017-03-11,Sat,40,4,0,True,40
2017-03-13,Mon,,,,False,**
2017-03-14,Tue,81,8,1,True,81
2017-03-15,Wed,22,2,2,True,22
2017-03-16,Thu,25,2,5,True,25
2017-03-17,Fri,70,7,0,True,70
2017-03-18,Sat,95,9,5,True,95
2017-03-20,Mon,30,3,0,True,30
2017-03-21,Tue,52,5,2,True,52
2017-03-22,Wed,86,8,6,True,86
2017-03-23,Thu,81,8,1,True,81
2017-03-24,Fri,11,1,1,True,11
2017-03-25,Sat,61,6,1,True,61
2017-03-27,Mon,57,5,7,True,57
2017-03-28,Tue,12,1,2,True,12
2017-03-29,Wed,06,0,6,True,06
2017-03-30,Thu,18,1,8,True,18
2017-03-31,Fri,65,6,5,True,65
2017-04-01,Sat,42,4,2,True,42
2017-04-03,Mon,16,1,6,True,16
2017-04-04,Tue,93,9,3,True,93
2017-04-05,Wed,11,1,1,True,11
2017-04-06,Thu,42,4,2,True,42
2017-04-07,Fri,35,3,5,True,35
2017-04-08,Sat,87,8,7,True,87
2017-04-10,Mon,93,9,3,True,93
2017-04-11,Tue,82,8,2,True,82
2017-04-12,Wed,57,5,7,True,57
2017-04-13,Thu,81,8,1,True,81
2017-04-14,Fri,58,5,8,True,58
2017-04-15,Sat,17,1,7,True,17
2017-04-17,Mon,99,9,9,True,99
2017-04-18,Tue,38,3,8,True,38
2017-04-19,Wed,92,9,2,True,92
2017-04-20,Thu,66,6,6,True,66
2017-04-21,Fri,10,1,0,True,10
2017-04-22,Sat,68,6,8,True,68
2017-04-24,Mon,98,9,8,True,98
2017-04-25,Tue,59,5,9,True,59
2017-04-26,Wed,56,5,6,True,56
2017-04-27,Thu,58,5,8,True,58
2017-04-28,Fri,06,0,6,True,06
2017-04-29,Sat,28,2,8,True,28
2017-05-01,Mon,05,0,5,True,05
2017-05-02,Tue,77,7,7,True,77
2017-05-03,Wed,28,2,8,True,28
2017-05-04,Thu,14,1,4,True,14
2017-05-05,Fri,38,3,8,True,38
2017-05-06,Sat,92,9,2,True,92
2017-05-08,Mon,01,0,1,True,01
2017-05-09,Tue,79,7,9,True,79
2017-05-10,Wed,76,7,6,True,76
2017-05-11,Thu,89,8,9,True,89
2017-05-12,Fri,87,8,7,True,87
2017-05-13,Sat,17,1,7,True,17
2017-05-15,Mon,28,2,8,True,28
2017-05-16,Tue,94,9,4,True,94
2017-05-17,Wed,86,8,6,True,86
2017-05-18,Thu,80,8,0,True,80
2017-05-19,Fri,25,2,5,True,25
2017-05-20,Sat,46,4,6,True,46
2017-05-22,Mon,77,7,7,True,77
2017-05-23,Tue,42,4,2,True,42
2017-05-24,Wed,58,5,8,True,58
2017-05-25,Thu,42,4,2,True,42
2017-05-26,Fri,51,5,1,True,51
2017-05-27,Sat,45,4,5,True,45
2017-05-29,Mon,52,5,2,True,52
2017-05-30,Tue,75,7,5,True,75
2017-05-31,Wed,91,9,1,True,91
2017-06-01,Thu,34,3,4,True,34
2017-06-02,Fri,03,0,3,True,03
2017-06-03,Sat,41,4,1,True,41
2017-06-05,Mon,06,0,6,True,06
2017-06-06,Tue,84,8,4,True,84
2017-06-07,Wed,04,0,4,True,04
2017-06-08,Thu,15,1,5,True,15
2017-06-09,Fri,60,6,0,True,60
2017-06-10,Sat,69,6,9,True,69
2017-06-12,Mon,86,8,6,True,86
2017-06-13,Tue,01,0,1,True,01
2017-06-14,Wed,41,4,1,True,41
2017-06-15,Thu,71,7,1,True,71
2017-06-16,Fri,60,6,0,True,60
2017-06-17,Sat,27,2,7,True,27
2017-06-19,Mon,88,8,8,True,88
2017-06-20,Tue,89,8,9,True,89
2017-06-21,Wed,28,2,8,True,28
2017-06-22,Thu,64,6,4,True,64
2017-06-23,Fri,49,4,9,True,49
2017-06-24,Sat,74,7,4,True,74
2017-06-26,Mon,,,,False,**
2017-06-27,Tue,61,6,1,True,61
2017-06-28,Wed,22,2,2,True,22
2017-06-29,Thu,06,0,6,True,06
2017-06-30,Fri,32,3,2,True,32
2017-07-01,Sat,88,8,8,True,88
2017-07-03,Mon,78,7,8,True,78
2017-07-04,Tue,55,5,5,True,55
2017-07-05,Wed,35,3,5,True,35
2017-07-06,Thu,32,3,2,True,32
2017-07-07,Fri,95,9,5,True,95
2017-07-08,Sat,24,2,4,True,24
2017-07-10,Mon,04,0,4,True,04
2017-07-11,Tue,46,4,6,True,46
2017-07-12,Wed,02,0,2,True,02
2017-07-13,Thu,97,9,7,True,97
2017-07-14,Fri,07,0,7,True,07
2017-07-15,Sat,09,0,9,True,09
2017-07-17,Mon,67,6,7,True,67
2017-07-18,Tue,04,0,4,True,04
2017-07-19,Wed,00,0,0,True,00
2017-07-20,Thu,69,6,9,True,69
2017-07-21,Fri,22,2,2,True,22
2017-07-22,Sat,67,6,7,True,67
2017-07-24,Mon,43,4,3,True,43
2017-07-25,Tue,98,9,8,True,98
2017-07-26,Wed,15,1,5,True,15
2017-07-27,Thu,91,9,1,True,91
2017-07-28,Fri,43,4,3,True,43
2017-07-29,Sat,86,8,6,True,86
2017-07-31,Mon,62,6,2,True,62
2017-08-01,Tue,73,7,3,True,73
2017-08-02,Wed,49,4,9,True,49
2017-08-03,Thu,28,2,8,True,28
2017-08-04,Fri,22,2,2,True,22
2017-08-05,Sat,73,7,3,True,73
2017-08-07,Mon,67,6,7,True,67
2017-08-08,Tue,91,9,1,True,91
2017-08-09,Wed,67,6,7,True,67
2017-08-10,Thu,00,0,0,True,00
2017-08-11,Fri,88,8,8,True,88
2017-08-12,Sat,39,3,9,True,39
2017-08-14,Mon,86,8,6,True,86
2017-08-15,Tue,,,,False,**
2017-08-16,Wed,57,5,7,True,57
2017-08-17,Thu,92,9,2,True,92
2017-08-18,Fri,34,3,4,True,34
2017-08-19,Sat,46,4,6,True,46
2017-08-21,Mon,80,8,0,True,80
2017-08-22,Tue,77,7,7,True,77
2017-08-23,Wed,79,7,9,True,79
2017-08-24,Thu,55,5,5,True,55
2017-08-25,Fri,94,9,4,True,94
2017-08-26,Sat,77,7,7,True,77
2017-08-28,Mon,38,3,8,True,38
2017-08-29,Tue,61,6,1,True,61
2017-08-30,Wed,03,0,3,True,03
2017-08-31,Thu,06,0,6,True,06
2017-09-01,Fri,14,1,4,True,14
2017-09-02,Sat,52,5,2,True,52
2017-09-04,Mon,57,5,7,True,57
2017-09-05,Tue,63,6,3,True,63
2017-09-06,Wed,56,5,6,True,56
2017-09-07,Thu,26,2,6,True,26
2017-09-08,Fri,10,1,0,True,10
2017-09-09,Sat,62,6,2,True,62
2017-09-11,Mon,40,4,0,True,40
2017-09-12,Tue,02,0,2,True,02
2017-09-13,Wed,61,6,1,True,61
2017-09-14,Thu,83,8,3,True,83
2017-09-15,Fri,95,9,5,True,95
2017-09-16,Sat,13,1,3,True,13
2017-09-18,Mon,53,5,3,True,53
2017-09-19,Tue,01,0,1,True,01
2017-09-20,Wed,02,0,2,True,02
2017-09-21,Thu,73,7,3,True,73
2017-09-22,Fri,02,0,2,True,02
2017-09-23,Sat,36,3,6,True,36
2017-09-25,Mon,58,5,8,True,58
2017-09-26,Tue,61,6,1,True,61
2017-09-27,Wed,39,3,9,True,39
2017-09-28,Thu,81,8,1,True,81
2017-09-29,Fri,18,1,8,True,18
2017-09-30,Sat,15,1,5,True,15
2017-10-02,Mon,27,2,7,True,27
2017-10-03,Tue,91,9,1,True,91
2017-10-04,Wed,52,5,2,True,52
2017-10-05,Thu,76,7,6,True,76
2017-10-06,Fri,47,4,7,True,47
2017-10-07,Sat,79,7,9,True,79
2017-10-09,Mon,55,5,5,True,55
2017-10-10,Tue,74,7,4,True,74
2017-10-11,Wed,26,2,6,True,26
2017-10-12,Thu,22,2,2,True,22
2017-10-13,Fri,32,3,2,True,32
2017-10-14,Sat,06,0,6,True,06
2017-10-16,Mon,,,,False,**
2017-10-17,Tue,,,,False,**
2017-10-18,Wed,,,,False,**
2017-10-19,Thu,,,,False,**
2017-10-20,Fri,,,,False,**
2017-10-21,Sat,,,,False,**
2017-10-23,Mon,,,,False,**
2017-10-24,Tue,,,,False,**
2017-10-25,Wed,03,0,3,True,03
2017-10-26,Thu,38,3,8,True,38
2017-10-27,Fri,83,8,3,True,83
2017-10-28,Sat,03,0,3,True,03
2017-10-30,Mon,53,5,3,True,53
2017-10-31,Tue,56,5,6,True,56
2017-11-01,Wed,91,9,1,True,91
2017-11-02,Thu,41,4,1,True,41
2017-11-03,Fri,43,4,3,True,43
2017-11-04,Sat,73,7,3,True,73
2017-11-06,Mon,71,7,1,True,71
2017-11-07,Tue,10,1,0,True,10
2017-11-08,Wed,49,4,9,True,49
2017-11-09,Thu,02,0,2,True,02
2017-11-10,Fri,48,4,8,True,48
2017-11-11,Sat,85,8,5,True,85
2017-11-13,Mon,03,0,3,True,03
2017-11-14,Tue,39,3,9,True,39
2017-11-15,Wed,97,9,7,True,97
2017-11-16,Thu,38,3,8,True,38
2017-11-17,Fri,56,5,6,True,56
2017-11-18,Sat,89,8,9,True,89
2017-11-20,Mon,07,0,7,True,07
2017-11-21,Tue,99,9,9,True,99
2017-11-22,Wed,71,7,1,True,71
2017-11-23,Thu,71,7,1,True,71
2017-11-24,Fri,65,6,5,True,65
2017-11-25,Sat,22,2,2,True,22
2017-11-27,Mon,41,4,1,True,41
2017-11-28,Tue,58,5,8,True,58
2017-11-29,Wed,90,9,0,True,90
2017-11-30,Thu,95,9,5,True,95
2017-12-01,Fri,91,9,1,True,91
2017-12-02,Sat,18,1,8,True,18
2017-12-04,Mon,17,1,7,True,17
2017-12-05,Tue,33,3,3,True,33
2017-12-06,Wed,55,5,5,True,55
2017-12-07,Thu,48,4,8,True,48
2017-12-08,Fri,83,8,3,True,83
2017-12-09,Sat,54,5,4,True,54
2017-12-11,Mon,40,4,0,True,40
2017-12-12,Tue,40,4,0,True,40
2017-12-13,Wed,59,5,9,True,59
2017-12-14,Thu,60,6,0,True,60
2017-12-15,Fri,85,8,5,True,85
2017-12-16,Sat,68,6,8,True,68
2017-12-18,Mon,06,0,6,True,06
2017-12-19,Tue,11,1,1,True,11
2017-12-20,Wed,63,6,3,True,63
2017-12-21,Thu,81,8,1,True,81
2017-12-22,Fri,49,4,9,True,49
2017-12-23,Sat,53,5,3,True,53
2017-12-25,Mon,68,6,8,True,68
2017-12-26,Tue,42,4,2,True,42
2017-12-27,Wed,96,9,6,True,96
2017-12-28,Thu,88,8,8,True,88
2017-12-29,Fri,21,2,1,True,21
2017-12-30,Sat,80,8,0,True,80
2018-01-01,Mon,36,3,6,True,36
2018-01-02,Tue,81,8,1,True,81
2018-01-03,Wed,02,0,2,True,02
2018-01-04,Thu,24,2,4,True,24
2018-01-05,Fri,84,8,4,True,84
2018-01-06,Sat,21,2,1,True,21
2018-01-07,Mon,28,2,8,True,28
2018-01-08,Mon,24,2,4,True,24
2018-01-08,Tue,34,3,4,True,34
2018-01-09,Tue,02,0,2,True,02
2018-01-09,Wed,34,3,4,True,34
2018-01-10,Wed,65,6,5,True,65
2018-01-10,Thu,32,3,2,True,32
2018-01-11,Fri,17,1,7,True,17
2018-01-11,Thu,92,9,2,True,92
2018-01-12,Fri,92,9,2,True,92
2018-01-12,Sat,09,0,9,True,09
2018-01-13,Sat,54,5,4,True,54
2018-01-14,Mon,94,9,4,True,94
2018-01-15,Mon,62,6,2,True,62
2018-01-15,Tue,60,6,0,True,60
2018-01-16,Tue,58,5,8,True,58
2018-01-16,Wed,81,8,1,True,81
2018-01-17,Wed,94,9,4,True,94
2018-01-17,Thu,60,6,0,True,60
2018-01-18,Fri,06,0,6,True,06
2018-01-18,Thu,42,4,2,True,42
2018-01-19,Sat,64,6,4,True,64
2018-01-19,Fri,30,3,0,True,30
2018-01-20,Sat,60,6,0,True,60
2018-01-22,Mon,65,6,5,True,65
2018-01-23,Tue,84,8,4,True,84
2018-01-24,Wed,68,6,8,True,68
2018-01-25,Thu,50,5,0,True,50
2018-01-26,Fri,,,,False,**
2018-01-27,Sat,73,7,3,True,73
2018-01-29,Mon,18,1,8,True,18
2018-01-30,Tue,18,1,8,True,18
2018-01-31,Wed,11,1,1,True,11
2018-02-01,Thu,27,2,7,True,27
2018-02-02,Fri,76,7,6,True,76
2018-02-03,Sat,61,6,1,True,61
2018-02-05,Mon,38,3,8,True,38
2018-02-06,Tue,70,7,0,True,70
2018-02-07,Wed,76,7,6,True,76
2018-02-08,Thu,90,9,0,True,90
2018-02-09,Fri,42,4,2,True,42
2018-02-10,Sat,49,4,9,True,49
2018-02-12,Mon,29,2,9,True,29
2018-02-13,Tue,75,7,5,True,75
2018-02-14,Wed,52,5,2,True,52
2018-02-15,Thu,79,7,9,True,79
2018-02-16,Fri,31,3,1,True,31
2018-02-17,Sat,14,1,4,True,14
2018-02-19,Mon,59,5,9,True,59
2018-02-20,Tue,11,1,1,True,11
2018-02-21,Wed,17,1,7,True,17
2018-02-22,Thu,93,9,3,True,93
2018-02-23,Fri,89,8,9,True,89
2018-02-24,Sat,33,3,3,True,33
2018-02-26,Mon,25,2,5,True,25
2018-02-27,Tue,73,7,3,True,73
2018-02-28,Wed,00,0,0,True,00
2018-03-01,Thu,76,7,6,True,76
2018-03-02,Fri,,,,False,**
2018-03-03,Sat,97,9,7,True,97
2018-03-05,Mon,04,0,4,True,04
2018-03-06,Tue,25,2,5,True,25
2018-03-07,Wed,33,3,3,True,33
2018-03-08,Thu,35,3,5,True,35
2018-03-09,Fri,19,1,9,True,19
2018-03-10,Sat,76,7,6,True,76
2018-03-12,Mon,15,1,5,True,15
2018-03-13,Tue,26,2,6,True,26
2018-03-14,Wed,08,0,8,True,08
2018-03-15,Thu,77,7,7,True,77
2018-03-16,Fri,97,9,7,True,97
2018-03-17,Sat,30,3,0,True,30
2018-03-19,Mon,80,8,0,True,80
2018-03-20,Tue,43,4,3,True,43
2018-03-21,Wed,94,9,4,True,94
2018-03-22,Thu,77,7,7,True,77
2018-03-23,Fri,42,4,2,True,42
2018-03-24,Sat,32,3,2,True,32
2018-03-26,Mon,17,1,7,True,17
2018-03-27,Tue,04,0,4,True,04
2018-03-28,Wed,28,2,8,True,28
2018-03-29,Thu,36,3,6,True,36
2018-03-30,Fri,04,0,4,True,04
2018-03-31,Sat,39,3,9,True,39
2018-04-02,Mon,70,7,0,True,70
2018-04-03,Tue,06,0,6,True,06
2018-04-04,Wed,76,7,6,True,76
2018-04-05,Thu,12,1,2,True,12
2018-04-06,Fri,11,1,1,True,11
2018-04-07,Sat,90,9,0,True,90
2018-04-09,Mon,78,7,8,True,78
2018-04-10,Tue,50,5,0,True,50
2018-04-11,Wed,41,4,1,True,41
2018-04-12,Thu,75,7,5,True,75
2018-04-13,Fri,32,3,2,True,32
2018-04-14,Sat,82,8,2,True,82
2018-04-16,Mon,50,5,0,True,50
2018-04-17,Tue,47,4,7,True,47
2018-04-18,Wed,62,6,2,True,62
2018-04-19,Thu,76,7,6,True,76
2018-04-20,Fri,38,3,8,True,38
2018-04-21,Sat,46,4,6,True,46
2018-04-22,Mon,90,9,0,True,90
2018-04-23,Tue,80,8,0,True,80
2018-04-23,Mon,05,0,5,True,05
2018-04-24,Tue,22,2,2,True,22
2018-04-24,Wed,35,3,5,True,35
2018-04-25,Wed,05,0,5,True,05
2018-04-25,Thu,84,8,4,True,84
2018-04-26,Fri,37,3,7,True,37
2018-04-26,Thu,61,6,1,True,61
2018-04-27,Sat,10,1,0,True,10
2018-04-27,Fri,81,8,1,True,81
2018-04-28,Sat,83,8,3,True,83
2018-04-30,Mon,91,9,1,True,91
2018-05-01,Tue,21,2,1,True,21
2018-05-02,Wed,54,5,4,True,54
2018-05-03,Thu,86,8,6,True,86
2018-05-04,Fri,73,7,3,True,73
2018-05-05,Sat,59,5,9,True,59
2018-05-07,Mon,07,0,7,True,07
2018-05-08,Tue,82,8,2,True,82
2018-05-09,Wed,81,8,1,True,81
2018-05-10,Thu,91,9,1,True,91
2018-05-11,Fri,51,5,1,True,51
2018-05-12,Sat,25,2,5,True,25
2018-05-14,Mon,00,0,0,True,00
2018-05-15,Tue,47,4,7,True,47
2018-05-16,Wed,80,8,0,True,80
2018-05-17,Thu,53,5,3,True,53
2018-05-18,Fri,00,0,0,True,00
2018-05-19,Sat,70,7,0,True,70
2018-05-21,Mon,68,6,8,True,68
2018-05-22,Tue,09,0,9,True,09
2018-05-23,Wed,92,9,2,True,92
2018-05-24,Thu,99,9,9,True,99
2018-05-25,Fri,99,9,9,True,99
2018-05-26,Sat,76,7,6,True,76
2018-05-28,Mon,65,6,5,True,65
2018-05-29,Tue,40,4,0,True,40
2018-05-30,Wed,86,8,6,True,86
2018-05-31,Thu,01,0,1,True,01
2018-06-01,Fri,62,6,2,True,62
2018-06-02,Sat,45,4,5,True,45
2018-06-04,Mon,08,0,8,True,08
2018-06-05,Tue,41,4,1,True,41
2018-06-06,Wed,22,2,2,True,22
2018-06-07,Thu,42,4,2,True,42
2018-06-08,Fri,54,5,4,True,54
2018-06-09,Sat,25,2,5,True,25
2018-06-11,Mon,22,2,2,True,22
2018-06-12,Tue,20,2,0,True,20
2018-06-13,Wed,92,9,2,True,92
2018-06-14,Thu,62,6,2,True,62
2018-06-15,Fri,07,0,7,True,07
2018-06-16,Sat,,,,False,**
2018-06-18,Mon,89,8,9,True,89
2018-06-19,Tue,98,9,8,True,98
2018-06-20,Wed,45,4,5,True,45
2018-06-21,Thu,24,2,4,True,24
2018-06-22,Fri,98,9,8,True,98
2018-06-23,Sat,94,9,4,True,94
2018-06-25,Mon,83,8,3,True,83
2018-06-26,Tue,64,6,4,True,64
2018-06-27,Wed,77,7,7,True,77
2018-06-28,Thu,99,9,9,True,99
2018-06-29,Fri,53,5,3,True,53
2018-06-30,Sat,82,8,2,True,82
2018-07-02,Mon,97,9,7,True,97
2018-07-03,Tue,89,8,9,True,89
2018-07-04,Wed,22,2,2,True,22
2018-07-05,Thu,18,1,8,True,18
2018-07-06,Fri,65,6,5,True,65
2018-07-07,Sat,60,6,0,True,60
2018-07-09,Mon,56,5,6,True,56
2018-07-10,Tue,69,6,9,True,69
2018-07-11,Wed,46,4,6,True,46
2018-07-12,Thu,31,3,1,True,31
2018-07-13,Fri,19,1,9,True,19
2018-07-14,Sat,87,8,7,True,87
2018-07-16,Mon,08,0,8,True,08
2018-07-17,Tue,26,2,6,True,26
2018-07-18,Wed,07,0,7,True,07
2018-07-19,Thu,50,5,0,True,50
2018-07-20,Fri,68,6,8,True,68
2018-07-21,Sat,11,1,1,True,11
2018-07-23,Mon,62,6,2,True,62
2018-07-24,Tue,51,5,1,True,51
2018-07-25,Wed,08,0,8,True,08
2018-07-26,Thu,58,5,8,True,58
2018-07-27,Fri,31,3,1,True,31
2018-07-28,Sat,65,6,5,True,65
2018-07-30,Mon,43,4,3,True,43
2018-07-31,Tue,47,4,7,True,47
2018-08-01,Wed,00,0,0,True,00
2018-08-02,Thu,27,2,7,True,27
2018-08-03,Fri,83,8,3,True,83
2018-08-04,Sat,27,2,7,True,27
2018-08-06,Mon,23,2,3,True,23
2018-08-07,Tue,24,2,4,True,24
2018-08-08,Wed,88,8,8,True,88
2018-08-09,Thu,46,4,6,True,46
2018-08-10,Fri,46,4,6,True,46
2018-08-11,Sat,63,6,3,True,63
2018-08-13,Mon,29,2,9,True,29
2018-08-14,Tue,73,7,3,True,73
2018-08-15,Wed,,,,False,**
2018-08-16,Thu,06,0,6,True,06
2018-08-17,Fri,66,6,6,True,66
2018-08-18,Sat,55,5,5,True,55
2018-08-20,Mon,88,8,8,True,88
2018-08-21,Tue,11,1,1,True,11
2018-08-22,Wed,36,3,6,True,36
2018-08-23,Thu,43,4,3,True,43
2018-08-24,Fri,90,9,0,True,90
2018-08-25,Sat,66,6,6,True,66
2018-08-27,Mon,48,4,8,True,48
2018-08-28,Tue,19,1,9,True,19
2018-08-29,Wed,77,7,7,True,77
2018-08-30,Thu,04,0,4,True,04
2018-08-31,Fri,90,9,0,True,90
2018-09-01,Sat,91,9,1,True,91
2018-09-03,Mon,47,4,7,True,47
2018-09-04,Tue,62,6,2,True,62
2018-09-05,Wed,97,9,7,True,97
2018-09-06,Thu,10,1,0,True,10
2018-09-07,Fri,12,1,2,True,12
2018-09-08,Sat,84,8,4,True,84
2018-09-10,Mon,82,8,2,True,82
2018-09-11,Tue,88,8,8,True,88
2018-09-12,Wed,25,2,5,True,25
2018-09-13,Thu,28,2,8,True,28
2018-09-14,Fri,66,6,6,True,66
2018-09-15,Sat,58,5,8,True,58
2018-09-17,Mon,04,0,4,True,04
2018-09-18,Tue,51,5,1,True,51
2018-09-19,Wed,75,7,5,True,75
2018-09-20,Thu,08,0,8,True,08
2018-09-21,Fri,94,9,4,True,94
2018-09-22,Sat,39,3,9,True,39
2018-09-24,Mon,77,7,7,True,77
2018-09-25,Tue,18,1,8,True,18
2018-09-26,Wed,73,7,3,True,73
2018-09-27,Thu,95,9,5,True,95
2018-09-28,Fri,19,1,9,True,19
2018-09-29,Sat,19,1,9,True,19
2018-10-01,Mon,88,8,8,True,88
2018-10-02,Tue,75,7,5,True,75
2018-10-03,Wed,77,7,7,True,77
2018-10-04,Thu,53,5,3,True,53
2018-10-05,Fri,83,8,3,True,83
2018-10-06,Sat,84,8,4,True,84
2018-10-08,Mon,57,5,7,True,57
2018-10-09,Tue,45,4,5,True,45
2018-10-10,Wed,72,7,2,True,72
2018-10-11,Thu,20,2,0,True,20
2018-10-12,Fri,27,2,7,True,27
2018-10-13,Sat,45,4,5,True,45
2018-10-15,Mon,52,5,2,True,52
2018-10-16,Tue,99,9,9,True,99
2018-10-17,Wed,30,3,0,True,30
2018-10-18,Thu,34,3,4,True,34
2018-10-19,Fri,52,5,2,True,52
2018-10-20,Sat,68,6,8,True,68
2018-10-22,Mon,63,6,3,True,63
2018-10-23,Tue,57,5,7,True,57
2018-10-24,Wed,12,1,2,True,12
2018-10-25,Thu,79,7,9,True,79
2018-10-26,Fri,20,2,0,True,20
2018-10-27,Sat,41,4,1,True,41
2018-10-29,Mon,78,7,8,True,78
2018-10-30,Tue,74,7,4,True,74
2018-10-31,Wed,97,9,7,True,97
2018-11-01,Thu,37,3,7,True,37
2018-11-02,Fri,74,7,4,True,74
2018-11-03,Sat,81,8,1,True,81
2018-11-05,Mon,,,,False,**
2018-11-06,Tue,,,,False,**
2018-11-07,Wed,,,,False,**
2018-11-08,Thu,,,,False,**
2018-11-09,Fri,,,,False,**
2018-11-10,Sat,,,,False,**
2018-11-12,Mon,43,4,3,True,43
2018-11-13,Tue,31,3,1,True,31
2018-11-14,Wed,99,9,9,True,99
2018-11-15,Thu,79,7,9,True,79
2018-11-16,Fri,73,7,3,True,73
2018-11-17,Sat,09,0,9,True,09
2018-11-19,Mon,06,0,6,True,06
2018-11-20,Tue,99,9,9,True,99
2018-11-21,Wed,33,3,3,True,33
2018-11-22,Thu,27,2,7,True,27
2018-11-23,Fri,63,6,3,True,63
2018-11-24,Sat,09,0,9,True,09
2018-11-26,Mon,09,0,9,True,09
2018-11-27,Tue,94,9,4,True,94
2018-11-28,Wed,84,8,4,True,84
2018-11-29,Thu,91,9,1,True,91
2018-11-30,Fri,85,8,5,True,85
2018-12-01,Sat,62,6,2,True,62
2018-12-03,Mon,39,3,9,True,39
2018-12-04,Tue,19,1,9,True,19
2018-12-05,Wed,07,0,7,True,07
2018-12-06,Thu,01,0,1,True,01
2018-12-07,Fri,60,6,0,True,60
2018-12-08,Sat,49,4,9,True,49
2018-12-10,Mon,62,6,2,True,62
2018-12-11,Tue,02,0,2,True,02
2018-12-12,Wed,68,6,8,True,68
2018-12-13,Thu,06,0,6,True,06
2018-12-14,Fri,07,0,7,True,07
2018-12-15,Sat,06,0,6,True,06
2018-12-17,Mon,35,3,5,True,35
2018-12-18,Tue,60,6,0,True,60
2018-12-19,Wed,98,9,8,True,98
2018-12-20,Thu,84,8,4,True,84
2018-12-21,Fri,23,2,3,True,23
2018-12-22,Sat,62,6,2,True,62
2018-12-24,Mon,62,6,2,True,62
2018-12-25,Tue,87,8,7,True,87
2018-12-26,Wed,04,0,4,True,04
2018-12-27,Thu,34,3,4,True,34
2018-12-28,Fri,58,5,8,True,58
2018-12-29,Sat,90,9,0,True,90
2018-12-31,Mon,66,6,6,True,66
2019-01-01,Tue,32,3,2,True,32
2019-01-02,Wed,86,8,6,True,86
2019-01-03,Thu,21,2,1,True,21
2019-01-04,Fri,14,1,4,True,14
2019-01-05,Sat,82,8,2,True,82
2019-01-21,Mon,38,3,8,True,38
2019-01-22,Tue,09,0,9,True,09
2019-01-23,Wed,41,4,1,True,41
2019-01-24,Thu,95,9,5,True,95
2019-01-25,Fri,69,6,9,True,69
2019-01-26,Sat,,,,False,**
2019-01-28,Mon,79,7,9,True,79
2019-01-29,Tue,38,3,8,True,38
2019-01-30,Wed,85,8,5,True,85
2019-01-31,Thu,59,5,9,True,59
2019-02-01,Fri,66,6,6,True,66
2019-02-02,Sat,57,5,7,True,57
2019-02-04,Mon,65,6,5,True,65
2019-02-05,Tue,29,2,9,True,29
2019-02-06,Wed,09,0,9,True,09
2019-02-07,Thu,85,8,5,True,85
2019-02-08,Fri,35,3,5,True,35
2019-02-09,Sat,87,8,7,True,87
2019-02-11,Mon,97,9,7,True,97
2019-02-12,Tue,41,4,1,True,41
2019-02-13,Wed,63,6,3,True,63
2019-02-14,Thu,66,6,6,True,66
2019-02-15,Fri,17,1,7,True,17
2019-02-16,Sat,81,8,1,True,81
2019-02-18,Mon,87,8,7,True,87
2019-02-19,Tue,74,7,4,True,74
2019-02-20,Wed,12,1,2,True,12
2019-02-21,Thu,72,7,2,True,72
2019-02-22,Fri,95,9,5,True,95
2019-02-23,Sat,33,3,3,True,33
2019-02-25,Mon,14,1,4,True,14
2019-02-26,Tue,41,4,1,True,41
2019-02-27,Wed,42,4,2,True,42
2019-02-28,Thu,59,5,9,True,59
2019-03-01,Fri,74,7,4,True,74
2019-03-02,Sat,29,2,9,True,29
2019-03-04,Mon,94,9,4,True,94
2019-03-05,Tue,39,3,9,True,39
2019-03-06,Wed,43,4,3,True,43
2019-03-07,Thu,39,3,9,True,39
2019-03-08,Fri,64,6,4,True,64
2019-03-09,Sat,11,1,1,True,11
2019-03-11,Mon,75,7,5,True,75
2019-03-12,Tue,93,9,3,True,93
2019-03-13,Wed,18,1,8,True,18
2019-03-14,Thu,17,1,7,True,17
2019-03-15,Fri,84,8,4,True,84
2019-03-16,Sat,61,6,1,True,61
2019-03-18,Mon,35,3,5,True,35
2019-03-19,Tue,72,7,2,True,72
2019-03-20,Wed,42,4,2,True,42
2019-03-21,Thu,,,,False,**
2019-03-22,Fri,56,5,6,True,56
2019-03-23,Sat,56,5,6,True,56
2019-03-25,Mon,94,9,4,True,94
2019-03-26,Tue,11,1,1,True,11
2019-03-27,Wed,85,8,5,True,85
2019-03-28,Thu,77,7,7,True,77
2019-03-29,Fri,82,8,2,True,82
2019-03-30,Sat,74,7,4,True,74
2019-04-01,Mon,19,1,9,True,19
2019-04-02,Tue,07,0,7,True,07
2019-04-03,Wed,32,3,2,True,32
2019-04-04,Thu,48,4,8,True,48
2019-04-05,Fri,31,3,1,True,31
2019-04-06,Sat,22,2,2,True,22
2019-04-08,Mon,64,6,4,True,64
2019-04-09,Tue,61,6,1,True,61
2019-04-10,Wed,42,4,2,True,42
2019-04-11,Thu,62,6,2,True,62
2019-04-12,Fri,53,5,3,True,53
2019-04-13,Sat,89,8,9,True,89
2019-04-15,Mon,25,2,5,True,25
2019-04-16,Tue,83,8,3,True,83
2019-04-17,Wed,38,3,8,True,38
2019-04-18,Thu,68,6,8,True,68
2019-04-19,Fri,20,2,0,True,20
2019-04-20,Sat,32,3,2,True,32
2019-04-29,Mon,74,7,4,True,74
2019-04-30,Tue,84,8,4,True,84
2019-05-01,Wed,98,9,8,True,98
2019-05-02,Thu,05,0,5,True,05
2019-05-03,Fri,38,3,8,True,38
2019-05-04,Sat,87,8,7,True,87
2019-05-06,Mon,48,4,8,True,48
2019-05-07,Tue,01,0,1,True,01
2019-05-08,Wed,36,3,6,True,36
2019-05-09,Thu,07,0,7,True,07
2019-05-10,Fri,46,4,6,True,46
2019-05-11,Sat,41,4,1,True,41
2019-05-13,Mon,37,3,7,True,37
2019-05-14,Tue,55,5,5,True,55
2019-05-15,Wed,02,0,2,True,02
2019-05-16,Thu,28,2,8,True,28
2019-05-17,Fri,94,9,4,True,94
2019-05-18,Sat,52,5,2,True,52
2019-05-20,Mon,11,1,1,True,11
2019-05-21,Tue,96,9,6,True,96
2019-05-22,Wed,66,6,6,True,66
2019-05-23,Thu,14,1,4,True,14
2019-05-24,Fri,05,0,5,True,05
2019-05-25,Sat,74,7,4,True,74
2019-05-27,Mon,38,3,8,True,38
2019-05-28,Tue,95,9,5,True,95
2019-05-29,Wed,85,8,5,True,85
2019-05-30,Thu,99,9,9,True,99
2019-05-31,Fri,59,5,9,True,59
2019-06-01,Sat,92,9,2,True,92
2019-06-03,Mon,93,9,3,True,93
2019-06-04,Tue,80,8,0,True,80
2019-06-05,Wed,98,9,8,True,98
2019-06-06,Thu,72,7,2,True,72
2019-06-07,Fri,24,2,4,True,24
2019-06-08,Sat,01,0,1,True,01
2019-06-10,Mon,07,0,7,True,07
2019-06-11,Tue,58,5,8,True,58
2019-06-12,Wed,71,7,1,True,71
2019-06-13,Thu,31,3,1,True,31
2019-06-14,Fri,51,5,1,True,51
2019-06-15,Sat,96,9,6,True,96
2019-06-17,Mon,58,5,8,True,58
2019-06-18,Tue,33,3,3,True,33
2019-06-19,Wed,10,1,0,True,10
2019-06-20,Thu,05,0,5,True,05
2019-06-21,Fri,54,5,4,True,54
2019-06-22,Sat,70,7,0,True,70
2019-06-24,Mon,57,5,7,True,57
2019-06-25,Tue,68,6,8,True,68
2019-06-26,Wed,03,0,3,True,03
2019-06-27,Thu,98,9,8,True,98
2019-06-28,Fri,14,1,4,True,14
2019-06-29,Sat,67,6,7,True,67
2019-07-01,Mon,55,5,5,True,55
2019-07-02,Tue,68,6,8,True,68
2019-07-03,Wed,61,6,1,True,61
2019-07-04,Thu,33,3,3,True,33
2019-07-05,Fri,33,3,3,True,33
2019-07-06,Sat,34,3,4,True,34
2019-07-08,Mon,91,9,1,True,91
2019-07-09,Tue,39,3,9,True,39
2019-07-10,Wed,17,1,7,True,17
2019-07-11,Thu,14,1,4,True,14
2019-07-12,Fri,88,8,8,True,88
2019-07-13,Sat,97,9,7,True,97
2019-07-15,Mon,33,3,3,True,33
2019-07-16,Tue,57,5,7,True,57
2019-07-17,Wed,49,4,9,True,49
2019-07-18,Thu,54,5,4,True,54
2019-07-19,Fri,83,8,3,True,83
2019-07-20,Sat,45,4,5,True,45
2019-07-22,Mon,61,6,1,True,61
2019-07-23,Tue,27,2,7,True,27
2019-07-24,Wed,71,7,1,True,71
2019-07-25,Thu,81,8,1,True,81
2019-07-26,Fri,04,0,4,True,04
2019-07-27,Sat,35,3,5,True,35
2019-07-29,Mon,14,1,4,True,14
2019-07-30,Tue,19,1,9,True,19
2019-07-31,Wed,70,7,0,True,70
2019-08-01,Thu,47,4,7,True,47
2019-08-02,Fri,04,0,4,True,04
2019-08-03,Sat,47,4,7,True,47
2019-08-05,Mon,75,7,5,True,75
2019-08-06,Tue,55,5,5,True,55
2019-08-07,Wed,27,2,7,True,27
2019-08-08,Thu,91,9,1,True,91
2019-08-09,Fri,60,6,0,True,60
2019-08-10,Sat,54,5,4,True,54
2019-08-12,Mon,73,7,3,True,73
2019-08-13,Tue,63,6,3,True,63
2019-08-14,Wed,39,3,9,True,39
2019-08-15,Thu,,,,False,**
2019-08-16,Fri,71,7,1,True,71
2019-08-17,Sat,62,6,2,True,62
2019-08-19,Mon,36,3,6,True,36
2019-08-20,Tue,24,2,4,True,24
2019-08-21,Wed,74,7,4,True,74
2019-08-22,Thu,17,1,7,True,17
2019-08-23,Fri,56,5,6,True,56
2019-08-24,Sat,97,9,7,True,97
2019-08-26,Mon,92,9,2,True,92
2019-08-27,Tue,87,8,7,True,87
2019-08-28,Wed,23,2,3,True,23
2019-08-29,Thu,23,2,3,True,23
2019-08-30,Fri,92,9,2,True,92
2019-08-31,Sat,21,2,1,True,21
2019-09-02,Mon,49,4,9,True,49
2019-09-03,Tue,96,9,6,True,96
2019-09-04,Wed,44,4,4,True,44
2019-09-05,Thu,99,9,9,True,99
2019-09-06,Fri,18,1,8,True,18
2019-09-07,Sat,28,2,8,True,28
2019-09-09,Mon,00,0,0,True,00
2019-09-10,Tue,76,7,6,True,76
2019-09-11,Wed,60,6,0,True,60
2019-09-12,Thu,02,0,2,True,02
2019-09-13,Fri,96,9,6,True,96
2019-09-14,Sat,78,7,8,True,78
2019-09-16,Mon,27,2,7,True,27
2019-09-17,Tue,80,8,0,True,80
2019-09-18,Wed,62,6,2,True,62
2019-09-19,Thu,34,3,4,True,34
2019-09-20,Fri,03,0,3,True,03
2019-09-21,Sat,20,2,0,True,20
2019-09-23,Mon,51,5,1,True,51
2019-09-24,Tue,87,8,7,True,87
2019-09-25,Wed,20,2,0,True,20
2019-09-26,Thu,64,6,4,True,64
2019-09-27,Fri,42,4,2,True,42
2019-09-28,Sat,48,4,8,True,48
2019-09-30,Mon,05,0,5,True,05
2019-10-01,Tue,87,8,7,True,87
2019-10-02,Wed,85,8,5,True,85
2019-10-03,Thu,24,2,4,True,24
2019-10-04,Fri,94,9,4,True,94
2019-10-05,Sat,82,8,2,True,82
2019-10-07,Mon,21,2,1,True,21
2019-10-08,Tue,36,3,6,True,36
2019-10-09,Wed,64,6,4,True,64
2019-10-10,Thu,38,3,8,True,38
2019-10-11,Fri,46,4,6,True,46
2019-10-12,Sat,07,0,7,True,07
2019-10-14,Mon,56,5,6,True,56
2019-10-15,Tue,88,8,8,True,88
2019-10-16,Wed,91,9,1,True,91
2019-10-17,Thu,59,5,9,True,59
2019-10-18,Fri,03,0,3,True,03
2019-10-19,Sat,11,1,1,True,11
2019-10-27,Mon,03,0,3,True,03
2019-10-28,Tue,92,9,2,True,92
2019-10-28,Mon,,,,False,**
2019-10-29,Wed,26,2,6,True,26
2019-10-29,Tue,,,,False,**
2019-10-30,Wed,,,,False,**
2019-10-30,Thu,80,8,0,True,80
2019-10-31,Fri,,,,False,**
2019-10-31,Thu,,,,False,**
2019-11-01,Fri,,,,False,**
2019-11-01,Sat,,,,False,**
2019-11-02,Sat,,,,False,**
2019-11-04,Mon,16,1,6,True,16
2019-11-05,Tue,95,9,5,True,95
2019-11-06,Wed,19,1,9,True,19
2019-11-07,Thu,91,9,1,True,91
2019-11-08,Fri,39,3,9,True,39
2019-11-09,Sat,51,5,1,True,51
2019-11-11,Mon,95,9,5,True,95
2019-11-12,Tue,35,3,5,True,35
2019-11-13,Wed,01,0,1,True,01
2019-11-14,Thu,17,1,7,True,17
2019-11-15,Fri,35,3,5,True,35
2019-11-16,Sat,80,8,0,True,80
2019-11-18,Mon,04,0,4,True,04
2019-11-19,Tue,17,1,7,True,17
2019-11-20,Wed,15,1,5,True,15
2019-11-21,Thu,36,3,6,True,36
2019-11-22,Fri,25,2,5,True,25
2019-11-23,Sat,29,2,9,True,29
2019-11-25,Mon,43,4,3,True,43
2019-11-26,Tue,84,8,4,True,84
2019-11-27,Wed,93,9,3,True,93
2019-11-28,Thu,61,6,1,True,61
2019-11-29,Fri,90,9,0,True,90
2019-11-30,Sat,66,6,6,True,66
2019-12-02,Mon,73,7,3,True,73
2019-12-03,Tue,66,6,6,True,66
2019-12-04,Wed,95,9,5,True,95
2019-12-05,Thu,25,2,5,True,25
2019-12-06,Fri,70,7,0,True,70
2019-12-07,Sat,68,6,8,True,68
2019-12-09,Mon,48,4,8,True,48
2019-12-10,Tue,15,1,5,True,15
2019-12-11,Wed,69,6,9,True,69
2019-12-12,Thu,59,5,9,True,59
2019-12-13,Fri,58,5,8,True,58
2019-12-14,Sat,29,2,9,True,29
2019-12-16,Mon,48,4,8,True,48
2019-12-17,Tue,55,5,5,True,55
2019-12-18,Wed,11,1,1,True,11
2019-12-19,Thu,10,1,0,True,10
2019-12-20,Fri,72,7,2,True,72
2019-12-21,Sat,23,2,3,True,23
2019-12-23,Mon,98,9,8,True,98
2019-12-24,Tue,42,4,2,True,42
2019-12-25,Wed,97,9,7,True,97
2019-12-26,Thu,15,1,5,True,15
2019-12-27,Fri,38,3,8,True,38
2019-12-28,Sat,43,4,3,True,43
2019-12-30,Mon,22,2,2,True,22
2019-12-31,Tue,02,0,2,True,02
2020-01-01,Wed,23,2,3,True,23
2020-01-02,Thu,49,4,9,True,49
2020-01-03,Fri,21,2,1,True,21
2020-01-04,Mon,36,3,6,True,36
2020-01-04,Sat,68,6,8,True,68
2020-01-05,Tue,18,1,8,True,18
2020-01-06,Mon,06,0,6,True,06
2020-01-06,Wed,63,6,3,True,63
2020-01-07,Tue,90,9,0,True,90
2020-01-07,Thu,74,7,4,True,74
2020-01-08,Wed,94,9,4,True,94
2020-01-08,Fri,82,8,2,True,82
2020-01-09,Thu,15,1,5,True,15
2020-01-09,Sat,31,3,1,True,31
2020-01-10,Fri,40,4,0,True,40
2020-01-11,Sat,64,6,4,True,64
2020-01-13,Mon,76,7,6,True,76
2020-01-14,Tue,11,1,1,True,11
2020-01-15,Wed,12,1,2,True,12
2020-01-16,Thu,29,2,9,True,29
2020-01-17,Fri,55,5,5,True,55
2020-01-18,Sat,04,0,4,True,04
2020-01-20,Mon,49,4,9,True,49
2020-01-21,Tue,54,5,4,True,54
2020-01-22,Wed,31,3,1,True,31
2020-01-23,Thu,54,5,4,True,54
2020-01-24,Fri,23,2,3,True,23
2020-01-25,Sat,77,7,7,True,77
2020-01-27,Mon,41,4,1,True,41
2020-01-28,Tue,22,2,2,True,22
2020-01-29,Wed,67,6,7,True,67
2020-01-30,Thu,04,0,4,True,04
2020-01-31,Fri,95,9,5,True,95
2020-02-01,Sat,10,1,0,True,10
2020-02-03,Mon,56,5,6,True,56
2020-02-04,Tue,31,3,1,True,31
2020-02-05,Wed,15,1,5,True,15
2020-02-06,Thu,01,0,1,True,01
2020-02-07,Fri,16,1,6,True,16
2020-02-08,Sat,34,3,4,True,34
2020-02-10,Mon,64,6,4,True,64
2020-02-11,Tue,59,5,9,True,59
2020-02-12,Wed,37,3,7,True,37
2020-02-13,Thu,73,7,3,True,73
2020-02-14,Fri,69,6,9,True,69
2020-02-15,Sat,34,3,4,True,34
2020-02-17,Mon,85,8,5,True,85
2020-02-18,Tue,91,9,1,True,91
2020-02-19,Wed,96,9,6,True,96
2020-02-20,Thu,06,0,6,True,06
2020-02-21,Fri,41,4,1,True,41
2020-02-22,Sat,06,0,6,True,06
2020-02-24,Mon,74,7,4,True,74
2020-02-25,Tue,91,9,1,True,91
2020-02-26,Wed,80,8,0,True,80
2020-02-27,Thu,25,2,5,True,25
2020-02-28,Fri,39,3,9,True,39
2020-02-29,Sat,67,6,7,True,67
2020-03-02,Mon,71,7,1,True,71
2020-03-03,Tue,78,7,8,True,78
2020-03-04,Wed,62,6,2,True,62
2020-03-05,Thu,42,4,2,True,42
2020-03-06,Fri,03,0,3,True,03
2020-03-07,Sat,87,8,7,True,87
2020-03-09,Mon,30,3,0,True,30
2020-03-10,Tue,,,,False,**
2020-03-11,Wed,57,5,7,True,57
2020-03-12,Thu,70,7,0,True,70
2020-03-13,Fri,26,2,6,True,26
2020-03-14,Sat,65,6,5,True,65
2020-03-16,Mon,31,3,1,True,31
2020-03-17,Tue,25,2,5,True,25
2020-03-18,Wed,98,9,8,True,98
2020-03-19,Thu,78,7,8,True,78
2020-03-20,Fri,97,9,7,True,97
2020-03-21,Sat,70,7,0,True,70
2020-05-11,Mon,56,5,6,True,56
2020-05-12,Tue,09,0,9,True,09
2020-05-13,Wed,39,3,9,True,39
2020-05-14,Thu,44,4,4,True,44
2020-05-15,Fri,40,4,0,True,40
2020-05-16,Sat,24,2,4,True,24
2020-05-18,Mon,31,3,1,True,31
2020-05-19,Tue,01,0,1,True,01
2020-05-20,Wed,19,1,9,True,19
2020-05-21,Thu,31,3,1,True,31
2020-05-22,Fri,11,1,1,True,11
2020-05-23,Sat,38,3,8,True,38
2020-05-25,Mon,61,6,1,True,61
2020-05-26,Tue,63,6,3,True,63
2020-05-27,Wed,88,8,8,True,88
2020-05-28,Thu,95,9,5,True,95
2020-05-29,Fri,54,5,4,True,54
2020-05-30,Sat,05,0,5,True,05
2020-06-01,Mon,65,6,5,True,65
2020-06-02,Tue,36,3,6,True,36
2020-06-03,Wed,38,3,8,True,38
2020-06-04,Thu,37,3,7,True,37
2020-06-05,Fri,44,4,4,True,44
2020-06-06,Sat,93,9,3,True,93
2020-06-08,Mon,44,4,4,True,44
2020-06-09,Tue,29,2,9,True,29
2020-06-10,Wed,51,5,1,True,51
2020-06-11,Thu,87,8,7,True,87
2020-06-12,Fri,08,0,8,True,08
2020-06-13,Sat,77,7,7,True,77
2020-06-15,Mon,01,0,1,True,01
2020-06-16,Tue,57,5,7,True,57
2020-06-17,Wed,59,5,9,True,59
2020-06-18,Thu,41,4,1,True,41
2020-06-19,Fri,96,9,6,True,96
2020-06-20,Mon,90,9,0,True,90
2020-06-20,Sat,48,4,8,True,48
2020-06-21,Tue,44,4,4,True,44
2020-06-22,Wed,91,9,1,True,91
2020-06-22,Mon,64,6,4,True,64
2020-06-23,Thu,12,1,2,True,12
2020-06-23,Tue,40,4,0,True,40
2020-06-24,Fri,32,3,2,True,32
2020-06-24,Wed,46,4,6,True,46
2020-06-25,Sat,39,3,9,True,39
2020-06-25,Thu,08,0,8,True,08
2020-06-26,Fri,51,5,1,True,51
2020-06-27,Sat,23,2,3,True,23
2020-06-29,Mon,78,7,8,True,78
2020-06-30,Tue,31,3,1,True,31
2020-07-01,Wed,24,2,4,True,24
2020-07-02,Thu,40,4,0,True,40
2020-07-03,Fri,04,0,4,True,04
2020-07-04,Sat,78,7,8,True,78
2020-07-06,Mon,77,7,7,True,77
2020-07-07,Tue,70,7,0,True,70
2020-07-08,Wed,11,1,1,True,11
2020-07-09,Thu,44,4,4,True,44
2020-07-10,Fri,87,8,7,True,87
2020-07-11,Sat,43,4,3,True,43
2020-07-13,Mon,28,2,8,True,28
2020-07-14,Tue,05,0,5,True,05
2020-07-15,Wed,99,9,9,True,99
2020-07-16,Thu,32,3,2,True,32
2020-07-17,Fri,86,8,6,True,86
2020-07-18,Sat,03,0,3,True,03
2020-07-20,Mon,71,7,1,True,71
2020-07-21,Tue,67,6,7,True,67
2020-07-22,Wed,67,6,7,True,67
2020-07-23,Thu,62,6,2,True,62
2020-07-24,Fri,73,7,3,True,73
2020-07-25,Sat,05,0,5,True,05
2020-07-27,Mon,23,2,3,True,23
2020-07-28,Tue,62,6,2,True,62
2020-07-29,Wed,05,0,5,True,05
2020-07-30,Thu,69,6,9,True,69
2020-07-31,Fri,72,7,2,True,72
2020-08-01,Sat,67,6,7,True,67
2020-08-03,Mon,34,3,4,True,34
2020-08-04,Tue,58,5,8,True,58
2020-08-05,Wed,52,5,2,True,52
2020-08-06,Thu,43,4,3,True,43
2020-08-07,Fri,45,4,5,True,45
2020-08-08,Sat,75,7,5,True,75
2020-08-10,Mon,81,8,1,True,81
2020-08-11,Tue,60,6,0,True,60
2020-08-12,Wed,24,2,4,True,24
2020-08-13,Thu,15,1,5,True,15
2020-08-14,Fri,24,2,4,True,24
2020-08-15,Sat,,,,False,**
2020-08-17,Mon,05,0,5,True,05
2020-08-18,Tue,61,6,1,True,61
2020-08-19,Wed,19,1,9,True,19
2020-08-20,Thu,85,8,5,True,85
2020-08-21,Fri,43,4,3,True,43
2020-08-22,Sat,60,6,0,True,60
2020-08-24,Mon,39,3,9,True,39
2020-08-25,Tue,43,4,3,True,43
2020-08-26,Wed,35,3,5,True,35
2020-08-27,Thu,11,1,1,True,11
2020-08-28,Fri,29,2,9,True,29
2020-08-29,Sat,49,4,9,True,49
2020-08-31,Mon,59,5,9,True,59
2020-09-01,Tue,61,6,1,True,61
2020-09-02,Wed,92,9,2,True,92
2020-09-03,Thu,19,1,9,True,19
2020-09-04,Fri,06,0,6,True,06
2020-09-05,Sat,21,2,1,True,21
2020-09-07,Mon,29,2,9,True,29
2020-09-08,Tue,77,7,7,True,77
2020-09-09,Wed,38,3,8,True,38
2020-09-10,Thu,86,8,6,True,86
2020-09-11,Fri,89,8,9,True,89
2020-09-12,Sat,66,6,6,True,66
2020-09-14,Mon,71,7,1,True,71
2020-09-15,Tue,71,7,1,True,71
2020-09-16,Wed,28,2,8,True,28
2020-09-17,Thu,92,9,2,True,92
2020-09-18,Fri,40,4,0,True,40
2020-09-19,Sat,35,3,5,True,35
2020-09-21,Mon,78,7,8,True,78
2020-09-22,Tue,25,2,5,True,25
2020-09-23,Wed,69,6,9,True,69
2020-09-24,Thu,75,7,5,True,75
2020-09-25,Fri,85,8,5,True,85
2020-09-26,Sat,84,8,4,True,84
2020-09-28,Mon,83,8,3,True,83
2020-09-29,Tue,57,5,7,True,57
2020-09-30,Wed,66,6,6,True,66
2020-10-01,Thu,54,5,4,True,54
2020-10-02,Fri,01,0,1,True,01
2020-10-03,Sat,52,5,2,True,52
2020-10-05,Mon,05,0,5,True,05
2020-10-06,Tue,98,9,8,True,98
2020-10-07,Wed,33,3,3,True,33
2020-10-08,Thu,38,3,8,True,38
2020-10-09,Fri,77,7,7,True,77
2020-10-10,Sat,95,9,5,True,95
2020-10-12,Mon,66,6,6,True,66
2020-10-13,Tue,44,4,4,True,44
2020-10-14,Wed,76,7,6,True,76
2020-10-15,Thu,82,8,2,True,82
2020-10-16,Fri,97,9,7,True,97
2020-10-17,Sat,64,6,4,True,64
2020-10-19,Mon,05,0,5,True,05
2020-10-20,Tue,62,6,2,True,62
2020-10-21,Wed,92,9,2,True,92
2020-10-22,Thu,62,6,2,True,62
2020-10-23,Fri,14,1,4,True,14
2020-10-24,Sat,02,0,2,True,02
2020-10-26,Mon,63,6,3,True,63
2020-10-27,Tue,54,5,4,True,54
2020-10-28,Wed,80,8,0,True,80
2020-10-29,Thu,05,0,5,True,05
2020-10-30,Fri,80,8,0,True,80
2020-10-31,Sat,02,0,2,True,02
2020-11-02,Mon,44,4,4,True,44
2020-11-03,Tue,96,9,6,True,96
2020-11-04,Wed,42,4,2,True,42
2020-11-05,Thu,90,9,0,True,90
2020-11-06,Fri,93,9,3,True,93
2020-11-07,Sat,36,3,6,True,36
2020-11-09,Mon,,,,False,**
2020-11-10,Tue,,,,False,**
2020-11-11,Wed,,,,False,**
2020-11-12,Thu,,,,False,**
2020-11-13,Fri,,,,False,**
2020-11-14,Sat,,,,False,**
2020-11-16,Mon,,,,False,**
2020-11-17,Tue,,,,False,**
2020-11-18,Wed,,,,False,**
2020-11-19,Thu,,,,False,**
2020-11-20,Fri,,,,False,**
2020-11-21,Sat,,,,False,**
2020-11-23,Mon,88,8,8,True,88
2020-11-24,Tue,14,1,4,True,14
2020-11-25,Wed,69,6,9,True,69
2020-11-26,Thu,68,6,8,True,68
2020-11-27,Fri,93,9,3,True,93
2020-11-28,Sat,16,1,6,True,16
2020-11-30,Mon,49,4,9,True,49
2020-12-01,Tue,44,4,4,True,44
2020-12-02,Wed,61,6,1,True,61
2020-12-03,Thu,72,7,2,True,72
2020-12-04,Fri,56,5,6,True,56
2020-12-05,Sat,60,6,0,True,60
2020-12-07,Mon,12,1,2,True,12
2020-12-08,Tue,01,0,1,True,01
2020-12-09,Wed,89,8,9,True,89
2020-12-10,Thu,74,7,4,True,74
2020-12-11,Fri,36,3,6,True,36
2020-12-12,Sat,32,3,2,True,32
2020-12-14,Mon,77,7,7,True,77
2020-12-15,Tue,03,0,3,True,03
2020-12-16,Wed,77,7,7,True,77
2020-12-17,Thu,32,3,2,True,32
2020-12-18,Fri,10,1,0,True,10
2020-12-19,Sat,03,0,3,True,03
2020-12-21,Mon,54,5,4,True,54
2020-12-22,Tue,77,7,7,True,77
2020-12-23,Wed,12,1,2,True,12
2020-12-24,Thu,08,0,8,True,08
2020-12-25,Fri,32,3,2,True,32
2020-12-26,Sat,65,6,5,True,65
2020-12-28,Mon,19,1,9,True,19
2020-12-29,Tue,82,8,2,True,82
2020-12-30,Wed,71,7,1,True,71
2020-12-31,Thu,54,5,4,True,54
2021-01-01,Fri,55,5,5,True,55
2021-01-02,Sat,46,4,6,True,46
2021-01-11,Mon,29,2,9,True,29
2021-01-12,Tue,59,5,9,True,59
2021-01-13,Wed,52,5,2,True,52
2021-01-14,Thu,06,0,6,True,06
2021-01-15,Fri,62,6,2,True,62
2021-01-16,Sat,80,8,0,True,80
2021-01-18,Mon,52,5,2,True,52
2021-01-19,Tue,30,3,0,True,30
2021-01-20,Wed,36,3,6,True,36
2021-01-21,Thu,52,5,2,True,52
2021-01-22,Fri,53,5,3,True,53
2021-01-23,Sat,03,0,3,True,03
2021-01-25,Mon,98,9,8,True,98
2021-01-26,Tue,,,,False,**
2021-01-27,Wed,02,0,2,True,02
2021-01-28,Thu,51,5,1,True,51
2021-01-29,Fri,37,3,7,True,37
2021-01-30,Sat,75,7,5,True,75
2021-02-01,Mon,31,3,1,True,31
2021-02-02,Tue,00,0,0,True,00
2021-02-03,Wed,97,9,7,True,97
2021-02-04,Thu,68,6,8,True,68
2021-02-05,Fri,33,3,3,True,33
2021-02-06,Sat,18,1,8,True,18
2021-02-08,Mon,81,8,1,True,81
2021-02-09,Tue,98,9,8,True,98
2021-02-10,Wed,12,1,2,True,12
2021-02-11,Thu,30,3,0,True,30
2021-02-12,Fri,70,7,0,True,70
2021-02-13,Sat,17,1,7,True,17
2021-02-15,Mon,01,0,1,True,01
2021-02-16,Tue,55,5,5,True,55
2021-02-17,Wed,93,9,3,True,93
2021-02-18,Thu,16,1,6,True,16
2021-02-19,Fri,42,4,2,True,42
2021-02-20,Sat,57,5,7,True,57
2021-02-22,Mon,40,4,0,True,40
2021-02-23,Tue,49,4,9,True,49
2021-02-24,Wed,80,8,0,True,80
2021-02-25,Thu,43,4,3,True,43
2021-02-26,Fri,48,4,8,True,48
2021-02-27,Sat,72,7,2,True,72
2021-03-01,Mon,45,4,5,True,45
2021-03-02,Tue,70,7,0,True,70
2021-03-03,Wed,55,5,5,True,55
2021-03-04,Thu,79,7,9,True,79
2021-03-05,Fri,49,4,9,True,49
2021-03-06,Sat,14,1,4,True,14
2021-03-08,Mon,22,2,2,True,22
2021-03-09,Tue,81,8,1,True,81
2021-03-10,Wed,60,6,0,True,60
2021-03-11,Thu,90,9,0,True,90
2021-03-12,Fri,63,6,3,True,63
2021-03-13,Sat,06,0,6,True,06
2021-03-15,Mon,80,8,0,True,80
2021-03-16,Tue,16,1,6,True,16
2021-03-17,Wed,01,0,1,True,01
2021-03-18,Thu,49,4,9,True,49
2021-03-19,Fri,72,7,2,True,72
2021-03-20,Sat,34,3,4,True,34
2021-03-22,Mon,71,7,1,True,71
2021-03-23,Tue,72,7,2,True,72
2021-03-24,Wed,84,8,4,True,84
2021-03-25,Thu,76,7,6,True,76
2021-03-26,Fri,33,3,3,True,33
2021-03-27,Sat,94,9,4,True,94
2021-03-29,Mon,,,,False,**
2021-03-30,Tue,48,4,8,True,48
2021-03-31,Wed,84,8,4,True,84
2021-04-01,Thu,68,6,8,True,68
2021-04-02,Fri,18,1,8,True,18
2021-04-03,Sat,19,1,9,True,19
2021-04-05,Mon,23,2,3,True,23
2021-04-06,Tue,31,3,1,True,31
2021-04-07,Wed,35,3,5,True,35
2021-04-08,Thu,04,0,4,True,04
2021-04-09,Fri,73,7,3,True,73
2021-04-10,Sat,28,2,8,True,28
2021-04-12,Mon,99,9,9,True,99
2021-04-13,Tue,02,0,2,True,02
2021-04-14,Wed,35,3,5,True,35
2021-04-15,Thu,73,7,3,True,73
2021-04-16,Fri,92,9,2,True,92
2021-04-17,Sat,79,7,9,True,79
2021-04-19,Mon,68,6,8,True,68
2021-04-20,Tue,26,2,6,True,26
2021-04-21,Wed,16,1,6,True,16
2021-04-22,Thu,66,6,6,True,66
2021-04-23,Fri,06,0,6,True,06
2021-04-24,Sat,68,6,8,True,68
2021-04-26,Mon,08,0,8,True,08
2021-04-27,Tue,66,6,6,True,66
2021-04-28,Wed,70,7,0,True,70
2021-04-29,Thu,41,4,1,True,41
2021-04-30,Fri,22,2,2,True,22
2021-05-01,Sat,15,1,5,True,15
2021-05-03,Mon,66,6,6,True,66
2021-05-04,Tue,28,2,8,True,28
2021-05-05,Wed,74,7,4,True,74
2021-05-06,Thu,81,8,1,True,81
2021-05-07,Fri,72,7,2,True,72
2021-05-08,Sat,43,4,3,True,43
2021-05-10,Mon,38,3,8,True,38
2021-05-11,Tue,20,2,0,True,20
2021-05-12,Wed,57,5,7,True,57
2021-05-13,Thu,38,3,8,True,38
2021-05-14,Fri,79,7,9,True,79
2021-05-15,Sat,34,3,4,True,34
2021-05-17,Mon,37,3,7,True,37
2021-05-18,Tue,80,8,0,True,80
2021-05-19,Wed,90,9,0,True,90
2021-05-20,Thu,84,8,4,True,84
2021-05-21,Fri,52,5,2,True,52
2021-05-22,Sat,93,9,3,True,93
2021-05-24,Mon,38,3,8,True,38
2021-05-25,Tue,32,3,2,True,32
2021-05-26,Wed,29,2,9,True,29
2021-05-27,Thu,97,9,7,True,97
2021-05-28,Fri,19,1,9,True,19
2021-05-29,Sat,95,9,5,True,95
2021-05-31,Mon,26,2,6,True,26
2021-06-01,Tue,44,4,4,True,44
2021-06-02,Wed,51,5,1,True,51
2021-06-03,Thu,81,8,1,True,81
2021-06-04,Fri,50,5,0,True,50
2021-06-05,Sat,66,6,6,True,66
2021-06-07,Mon,83,8,3,True,83
2021-06-08,Tue,80,8,0,True,80
2021-06-09,Wed,28,2,8,True,28
2021-06-10,Thu,23,2,3,True,23
2021-06-11,Fri,21,2,1,True,21
2021-06-12,Sat,43,4,3,True,43
2021-06-14,Mon,68,6,8,True,68
2021-06-15,Tue,50,5,0,True,50
2021-06-16,Wed,96,9,6,True,96
2021-06-17,Thu,07,0,7,True,07
2021-06-18,Fri,47,4,7,True,47
2021-06-19,Sat,09,0,9,True,09
2021-06-21,Mon,79,7,9,True,79
2021-06-22,Tue,41,4,1,True,41
2021-06-23,Wed,06,0,6,True,06
2021-06-24,Thu,45,4,5,True,45
2021-06-25,Fri,32,3,2,True,32
2021-06-26,Sat,53,5,3,True,53
2021-06-28,Mon,61,6,1,True,61
2021-06-29,Tue,69,6,9,True,69
2021-06-30,Wed,87,8,7,True,87
2021-07-01,Thu,07,0,7,True,07
2021-07-02,Fri,71,7,1,True,71
2021-07-03,Sat,70,7,0,True,70
2021-07-05,Mon,07,0,7,True,07
2021-07-06,Tue,67,6,7,True,67
2021-07-07,Wed,71,7,1,True,71
2021-07-08,Thu,26,2,6,True,26
2021-07-09,Fri,26,2,6,True,26
2021-07-10,Sat,91,9,1,True,91
2021-07-12,Mon,54,5,4,True,54
2021-07-13,Tue,56,5,6,True,56
2021-07-14,Wed,83,8,3,True,83
2021-07-15,Thu,84,8,4,True,84
2021-07-16,Fri,54,5,4,True,54
2021-07-17,Sat,56,5,6,True,56
2021-07-19,Mon,02,0,2,True,02
2021-07-20,Tue,33,3,3,True,33
2021-07-21,Wed,49,4,9,True,49
2021-07-22,Thu,16,1,6,True,16
2021-07-23,Fri,59,5,9,True,59
2021-07-24,Sat,34,3,4,True,34
2021-07-26,Mon,65,6,5,True,65
2021-07-27,Tue,86,8,6,True,86
2021-07-28,Wed,35,3,5,True,35
2021-07-29,Thu,93,9,3,True,93
2021-07-30,Fri,26,2,6,True,26
2021-07-31,Sat,53,5,3,True,53
2021-08-02,Mon,89,8,9,True,89
2021-08-03,Tue,00,0,0,True,00
2021-08-04,Wed,66,6,6,True,66
2021-08-05,Thu,08,0,8,True,08
2021-08-06,Fri,22,2,2,True,22
2021-08-07,Sat,29,2,9,True,29
2021-08-09,Mon,66,6,6,True,66
2021-08-10,Tue,25,2,5,True,25
2021-08-11,Wed,66,6,6,True,66
2021-08-12,Thu,26,2,6,True,26
2021-08-13,Fri,14,1,4,True,14
2021-08-14,Sat,33,3,3,True,33
2021-08-16,Mon,80,8,0,True,80
2021-08-17,Tue,07,0,7,True,07
2021-08-18,Wed,54,5,4,True,54
2021-08-19,Thu,94,9,4,True,94
2021-08-20,Fri,60,6,0,True,60
2021-08-21,Sat,18,1,8,True,18
2021-08-23,Mon,83,8,3,True,83
2021-08-24,Tue,15,1,5,True,15
2021-08-25,Wed,07,0,7,True,07
2021-08-26,Thu,24,2,4,True,24
2021-08-27,Fri,45,4,5,True,45
2021-08-28,Sat,23,2,3,True,23
2021-08-30,Mon,59,5,9,True,59
2021-08-31,Tue,64,6,4,True,64
2021-09-01,Wed,15,1,5,True,15
2021-09-02,Thu,91,9,1,True,91
2021-09-03,Fri,92,9,2,True,92
2021-09-04,Sat,18,1,8,True,18
2021-09-06,Mon,35,3,5,True,35
2021-09-07,Tue,14,1,4,True,14
2021-09-08,Wed,27,2,7,True,27
2021-09-09,Thu,92,9,2,True,92
2021-09-10,Fri,76,7,6,True,76
2021-09-11,Sat,64,6,4,True,64
2021-09-13,Mon,30,3,0,True,30
2021-09-14,Tue,85,8,5,True,85
2021-09-15,Wed,10,1,0,True,10
2021-09-16,Thu,73,7,3,True,73
2021-09-17,Fri,55,5,5,True,55
2021-09-18,Sat,87,8,7,True,87
2021-09-20,Mon,82,8,2,True,82
2021-09-21,Tue,58,5,8,True,58
2021-09-22,Wed,18,1,8,True,18
2021-09-23,Thu,57,5,7,True,57
2021-09-24,Fri,51,5,1,True,51
2021-09-25,Sat,94,9,4,True,94
2021-09-27,Mon,80,8,0,True,80
2021-09-28,Tue,99,9,9,True,99
2021-09-29,Wed,76,7,6,True,76
2021-09-30,Thu,22,2,2,True,22
2021-10-01,Fri,18,1,8,True,18
2021-10-02,Sat,30,3,0,True,30
2021-10-04,Mon,42,4,2,True,42
2021-10-05,Tue,43,4,3,True,43
2021-10-06,Wed,21,2,1,True,21
2021-10-07,Thu,73,7,3,True,73
2021-10-08,Fri,58,5,8,True,58
2021-10-09,Sat,52,5,2,True,52
2021-10-11,Mon,24,2,4,True,24
2021-10-12,Tue,22,2,2,True,22
2021-10-13,Wed,91,9,1,True,91
2021-10-14,Thu,78,7,8,True,78
2021-10-15,Fri,92,9,2,True,92
2021-10-16,Sat,86,8,6,True,86
2021-10-18,Mon,74,7,4,True,74
2021-10-19,Tue,59,5,9,True,59
2021-10-20,Wed,72,7,2,True,72
2021-10-21,Thu,12,1,2,True,12
2021-10-22,Fri,27,2,7,True,27
2021-10-23,Sat,94,9,4,True,94
2021-10-25,Mon,94,9,4,True,94
2021-10-26,Tue,16,1,6,True,16
2021-10-27,Wed,57,5,7,True,57
2021-10-28,Thu,69,6,9,True,69
2021-10-29,Fri,21,2,1,True,21
2021-10-30,Sat,65,6,5,True,65
2021-11-01,Mon,,,,False,**
2021-11-02,Tue,,,,False,**
2021-11-03,Wed,,,,False,**
2021-11-04,Thu,,,,False,**
2021-11-05,Fri,,,,False,**
2021-11-06,Sat,,,,False,**
2021-11-08,Mon,,,,False,**
2021-11-09,Tue,92,9,2,True,92
2021-11-10,Wed,25,2,5,True,25
2021-11-11,Thu,70,7,0,True,70
2021-11-12,Fri,00,0,0,True,00
2021-11-13,Sat,72,7,2,True,72
2021-11-15,Mon,97,9,7,True,97
2021-11-16,Tue,76,7,6,True,76
2021-11-17,Wed,87,8,7,True,87
2021-11-18,Thu,90,9,0,True,90
2021-11-19,Fri,16,1,6,True,16
2021-11-20,Sat,56,5,6,True,56
2021-11-22,Mon,40,4,0,True,40
2021-11-23,Tue,30,3,0,True,30
2021-11-24,Wed,73,7,3,True,73
2021-11-25,Thu,39,3,9,True,39
2021-11-26,Fri,93,9,3,True,93
2021-11-27,Sat,30,3,0,True,30
2021-11-29,Mon,17,1,7,True,17
2021-11-30,Tue,23,2,3,True,23
2021-12-01,Wed,11,1,1,True,11
2021-12-02,Thu,50,5,0,True,50
2021-12-03,Fri,31,3,1,True,31
2021-12-04,Sat,09,0,9,True,09
2021-12-06,Mon,42,4,2,True,42
2021-12-07,Tue,55,5,5,True,55
2021-12-08,Wed,53,5,3,True,53
2021-12-09,Thu,02,0,2,True,02
2021-12-10,Fri,30,3,0,True,30
2021-12-11,Sat,48,4,8,True,48
2021-12-13,Mon,90,9,0,True,90
2021-12-14,Tue,37,3,7,True,37
2021-12-15,Wed,88,8,8,True,88
2021-12-16,Thu,74,7,4,True,74
2021-12-17,Fri,68,6,8,True,68
2021-12-18,Sat,82,8,2,True,82
2021-12-20,Mon,45,4,5,True,45
2021-12-21,Tue,55,5,5,True,55
2021-12-22,Wed,52,5,2,True,52
2021-12-23,Thu,19,1,9,True,19
2021-12-24,Fri,34,3,4,True,34
2021-12-25,Sat,41,4,1,True,41
2021-12-27,Mon,08,0,8,True,08
2021-12-28,Tue,80,8,0,True,80
2021-12-29,Wed,60,6,0,True,60
2021-12-30,Thu,08,0,8,True,08
2021-12-31,Fri,17,1,7,True,17
2022-01-01,Sat,31,3,1,True,31
2022-01-03,Mon,84,8,4,True,84
2022-01-04,Tue,64,6,4,True,64
2022-01-05,Wed,19,1,9,True,19
2022-01-06,Thu,23,2,3,True,23
2022-01-07,Fri,37,3,7,True,37
2022-01-08,Sat,07,0,7,True,07
2022-01-10,Mon,09,0,9,True,09
2022-01-11,Tue,57,5,7,True,57
2022-01-12,Wed,91,9,1,True,91
2022-01-13,Thu,52,5,2,True,52
2022-01-14,Fri,09,0,9,True,09
2022-01-15,Sat,31,3,1,True,31
2022-01-17,Mon,05,0,5,True,05
2022-01-18,Tue,20,2,0,True,20
2022-01-19,Wed,51,5,1,True,51
2022-01-20,Thu,44,4,4,True,44
2022-01-21,Fri,88,8,8,True,88
2022-01-22,Sat,88,8,8,True,88
2022-01-24,Mon,40,4,0,True,40
2022-01-25,Tue,01,0,1,True,01
2022-01-26,Wed,,,,False,**
2022-01-27,Thu,08,0,8,True,08
2022-01-28,Fri,41,4,1,True,41
2022-01-29,Sat,24,2,4,True,24
2022-01-31,Mon,48,4,8,True,48
2022-02-01,Tue,39,3,9,True,39
2022-02-02,Wed,55,5,5,True,55
2022-02-03,Thu,69,6,9,True,69
2022-02-04,Fri,16,1,6,True,16
2022-02-05,Sat,40,4,0,True,40
2022-02-07,Mon,72,7,2,True,72
2022-02-08,Tue,55,5,5,True,55
2022-02-09,Wed,37,3,7,True,37
2022-02-10,Thu,94,9,4,True,94
2022-02-11,Fri,81,8,1,True,81
2022-02-12,Sat,99,9,9,True,99
2022-02-14,Mon,76,7,6,True,76
2022-02-15,Tue,63,6,3,True,63
2022-02-16,Wed,58,5,8,True,58
2022-02-17,Thu,27,2,7,True,27
2022-02-18,Fri,08,0,8,True,08
2022-02-19,Sat,11,1,1,True,11
2022-02-21,Mon,81,8,1,True,81
2022-02-22,Tue,84,8,4,True,84
2022-02-23,Wed,76,7,6,True,76
2022-02-24,Thu,37,3,7,True,37
2022-02-25,Fri,85,8,5,True,85
2022-02-26,Sat,74,7,4,True,74
2022-02-28,Mon,96,9,6,True,96
2022-03-01,Tue,43,4,3,True,43
2022-03-02,Wed,08,0,8,True,08
2022-03-03,Thu,74,7,4,True,74
2022-03-04,Fri,25,2,5,True,25
2022-03-05,Sat,51,5,1,True,51
2022-03-07,Mon,93,9,3,True,93
2022-03-08,Tue,71,7,1,True,71
2022-03-09,Wed,05,0,5,True,05
2022-03-10,Thu,63,6,3,True,63
2022-03-11,Fri,39,3,9,True,39
2022-03-12,Sat,53,5,3,True,53
2022-03-14,Mon,52,5,2,True,52
2022-03-15,Tue,99,9,9,True,99
2022-03-16,Wed,33,3,3,True,33
2022-03-17,Thu,74,7,4,True,74
2022-03-18,Fri,,,,False,**
2022-03-19,Sat,01,0,1,True,01
2022-03-21,Mon,70,7,0,True,70
2022-03-22,Tue,23,2,3,True,23
2022-03-23,Wed,23,2,3,True,23
2022-03-24,Thu,72,7,2,True,72
2022-03-25,Fri,99,9,9,True,99
2022-03-26,Sat,47,4,7,True,47
2022-03-28,Mon,66,6,6,True,66
2022-03-29,Tue,65,6,5,True,65
2022-03-30,Wed,90,9,0,True,90
2022-03-31,Thu,06,0,6,True,06
2022-04-01,Fri,93,9,3,True,93
2022-04-02,Sat,68,6,8,True,68
2022-04-04,Mon,27,2,7,True,27
2022-04-05,Tue,20,2,0,True,20
2022-04-06,Wed,30,3,0,True,30
2022-04-07,Thu,94,9,4,True,94
2022-04-08,Fri,09,0,9,True,09
2022-04-09,Sat,36,3,6,True,36
2022-04-11,Mon,52,5,2,True,52
2022-04-12,Tue,33,3,3,True,33
2022-04-13,Wed,21,2,1,True,21
2022-04-14,Thu,59,5,9,True,59
2022-04-15,Fri,19,1,9,True,19
2022-04-16,Sat,63,6,3,True,63
2022-04-18,Mon,35,3,5,True,35
2022-04-19,Tue,20,2,0,True,20
2022-04-20,Wed,65,6,5,True,65
2022-04-21,Thu,76,7,6,True,76
2022-04-22,Fri,06,0,6,True,06
2022-04-23,Sat,07,0,7,True,07
2022-04-25,Mon,07,0,7,True,07
2022-04-26,Tue,04,0,4,True,04
2022-04-27,Wed,29,2,9,True,29
2022-04-28,Thu,34,3,4,True,34
2022-04-29,Fri,37,3,7,True,37
2022-04-30,Sat,48,4,8,True,48
2022-05-02,Mon,34,3,4,True,34
2022-05-03,Tue,92,9,2,True,92
2022-05-04,Wed,49,4,9,True,49
2022-05-05,Thu,29,2,9,True,29
2022-05-06,Fri,87,8,7,True,87
2022-05-07,Sat,60,6,0,True,60
2022-05-09,Mon,41,4,1,True,41
2022-05-10,Tue,51,5,1,True,51
2022-05-11,Wed,79,7,9,True,79
2022-05-12,Thu,91,9,1,True,91
2022-05-13,Fri,70,7,0,True,70
2022-05-14,Sat,26,2,6,True,26
2022-05-16,Mon,31,3,1,True,31
2022-05-17,Tue,54,5,4,True,54
2022-05-18,Wed,95,9,5,True,95
2022-05-19,Thu,58,5,8,True,58
2022-05-20,Fri,93,9,3,True,93
2022-05-21,Sat,78,7,8,True,78
2022-05-23,Mon,46,4,6,True,46
2022-05-24,Tue,21,2,1,True,21
2022-05-25,Wed,12,1,2,True,12
2022-05-26,Thu,05,0,5,True,05
2022-05-27,Fri,45,4,5,True,45
2022-05-28,Sat,76,7,6,True,76
2022-05-30,Mon,86,8,6,True,86
2022-05-31,Tue,54,5,4,True,54
2022-06-01,Wed,70,7,0,True,70
2022-06-02,Thu,12,1,2,True,12
2022-06-03,Fri,95,9,5,True,95
2022-06-04,Sat,06,0,6,True,06
2022-06-06,Mon,51,5,1,True,51
2022-06-07,Tue,27,2,7,True,27
2022-06-08,Wed,88,8,8,True,88
2022-06-09,Thu,82,8,2,True,82
2022-06-10,Fri,22,2,2,True,22
2022-06-11,Sat,37,3,7,True,37
2022-06-13,Mon,86,8,6,True,86
2022-06-14,Tue,60,6,0,True,60
2022-06-15,Wed,16,1,6,True,16
2022-06-16,Thu,64,6,4,True,64
2022-06-17,Fri,11,1,1,True,11
2022-06-18,Sat,44,4,4,True,44
2022-06-27,Mon,26,2,6,True,26
2022-06-28,Tue,67,6,7,True,67
2022-06-29,Wed,88,8,8,True,88
2022-06-30,Thu,11,1,1,True,11
2022-07-01,Fri,39,3,9,True,39
2022-07-02,Sat,90,9,0,True,90
2022-07-04,Mon,28,2,8,True,28
2022-07-05,Tue,73,7,3,True,73
2022-07-06,Wed,26,2,6,True,26
2022-07-07,Thu,78,7,8,True,78
2022-07-08,Fri,18,1,8,True,18
2022-07-09,Sat,32,3,2,True,32
2022-07-11,Mon,49,4,9,True,49
2022-07-12,Tue,74,7,4,True,74
2022-07-13,Wed,22,2,2,True,22
2022-07-14,Thu,93,9,3,True,93
2022-07-15,Fri,92,9,2,True,92
2022-07-16,Sat,02,0,2,True,02
2022-07-18,Mon,64,6,4,True,64
2022-07-19,Tue,50,5,0,True,50
2022-07-20,Wed,21,2,1,True,21
2022-07-21,Thu,57,5,7,True,57
2022-07-22,Fri,25,2,5,True,25
2022-07-23,Sat,48,4,8,True,48
2022-07-25,Mon,22,2,2,True,22
2022-07-26,Tue,14,1,4,True,14
2022-07-27,Wed,23,2,3,True,23
2022-07-28,Thu,20,2,0,True,20
2022-07-29,Fri,56,5,6,True,56
2022-07-30,Sat,40,4,0,True,40
2022-08-01,Mon,54,5,4,True,54
2022-08-02,Tue,21,2,1,True,21
2022-08-03,Wed,87,8,7,True,87
2022-08-04,Thu,05,0,5,True,05
2022-08-05,Fri,36,3,6,True,36
2022-08-06,Sat,65,6,5,True,65
2022-08-08,Mon,98,9,8,True,98
2022-08-09,Tue,82,8,2,True,82
2022-08-10,Wed,97,9,7,True,97
2022-08-11,Thu,04,0,4,True,04
2022-08-12,Fri,89,8,9,True,89
2022-08-13,Sat,65,6,5,True,65
2022-08-15,Mon,,,,False,**
2022-08-16,Tue,39,3,9,True,39
2022-08-17,Wed,91,9,1,True,91
2022-08-18,Thu,73,7,3,True,73
2022-08-19,Fri,27,2,7,True,27
2022-08-20,Sat,67,6,7,True,67
2022-08-22,Mon,18,1,8,True,18
2022-08-23,Tue,10,1,0,True,10
2022-08-24,Wed,65,6,5,True,65
2022-08-25,Thu,07,0,7,True,07
2022-08-26,Fri,81,8,1,True,81
2022-08-27,Sat,31,3,1,True,31
2022-08-29,Mon,90,9,0,True,90
2022-08-30,Tue,52,5,2,True,52
2022-08-31,Wed,18,1,8,True,18
2022-09-01,Thu,12,1,2,True,12
2022-09-02,Fri,50,5,0,True,50
2022-09-03,Sat,53,5,3,True,53
2022-09-05,Mon,39,3,9,True,39
2022-09-06,Tue,82,8,2,True,82
2022-09-07,Wed,86,8,6,True,86
2022-09-08,Thu,41,4,1,True,41
2022-09-09,Fri,74,7,4,True,74
2022-09-10,Sat,81,8,1,True,81
2022-09-12,Mon,05,0,5,True,05
2022-09-13,Tue,58,5,8,True,58
2022-09-14,Wed,99,9,9,True,99
2022-09-15,Thu,48,4,8,True,48
2022-09-16,Fri,71,7,1,True,71
2022-09-17,Sat,43,4,3,True,43
2022-09-19,Mon,47,4,7,True,47
2022-09-20,Tue,66,6,6,True,66
2022-09-21,Wed,06,0,6,True,06
2022-09-22,Thu,30,3,0,True,30
2022-09-23,Fri,88,8,8,True,88
2022-09-24,Sat,99,9,9,True,99
2022-09-26,Mon,04,0,4,True,04
2022-09-27,Tue,13,1,3,True,13
2022-09-28,Wed,34,3,4,True,34
2022-09-29,Thu,30,3,0,True,30
2022-09-30,Fri,08,0,8,True,08
2022-10-01,Sat,71,7,1,True,71
2022-10-03,Mon,15,1,5,True,15
2022-10-04,Tue,58,5,8,True,58
2022-10-05,Wed,67,6,7,True,67
2022-10-06,Thu,97,9,7,True,97
2022-10-07,Fri,14,1,4,True,14
2022-10-08,Sat,99,9,9,True,99
2022-10-10,Mon,09,0,9,True,09
2022-10-11,Tue,38,3,8,True,38
2022-10-12,Wed,11,1,1,True,11
2022-10-13,Thu,35,3,5,True,35
2022-10-14,Fri,64,6,4,True,64
2022-10-15,Sat,79,7,9,True,79
2022-10-17,Mon,51,5,1,True,51
2022-10-18,Tue,07,0,7,True,07
2022-10-19,Wed,63,6,3,True,63
2022-10-20,Thu,69,6,9,True,69
2022-10-21,Fri,83,8,3,True,83
2022-10-22,Sat,54,5,4,True,54
2022-10-24,Mon,,,,False,**
2022-10-25,Tue,,,,False,**
2022-10-26,Wed,,,,False,**
2022-10-27,Thu,,,,False,**
2022-10-28,Fri,,,,False,**
2022-10-29,Sat,,,,False,**
2022-10-31,Mon,51,5,1,True,51
2022-11-01,Tue,10,1,0,True,10
2022-11-02,Wed,02,0,2,True,02
2022-11-03,Thu,51,5,1,True,51
2022-11-04,Fri,05,0,5,True,05
2022-11-05,Sat,74,7,4,True,74
2022-11-07,Mon,99,9,9,True,99
2022-11-08,Tue,58,5,8,True,58
2022-11-09,Wed,52,5,2,True,52
2022-11-10,Thu,30,3,0,True,30
2022-11-11,Fri,56,5,6,True,56
2022-11-12,Sat,92,9,2,True,92
2022-11-14,Mon,70,7,0,True,70
2022-11-15,Tue,24,2,4,True,24
2022-11-16,Wed,64,6,4,True,64
2022-11-17,Thu,51,5,1,True,51
2022-11-18,Fri,67,6,7,True,67
2022-11-19,Sat,12,1,2,True,12
2022-11-21,Mon,68,6,8,True,68
2022-11-22,Tue,62,6,2,True,62
2022-11-23,Wed,20,2,0,True,20
2022-11-24,Thu,81,8,1,True,81
2022-11-25,Fri,74,7,4,True,74
2022-11-26,Sat,49,4,9,True,49
2022-11-28,Mon,06,0,6,True,06
2022-11-29,Tue,44,4,4,True,44
2022-11-30,Wed,01,0,1,True,01
2022-12-01,Thu,38,3,8,True,38
2022-12-02,Fri,25,2,5,True,25
2022-12-03,Sat,72,7,2,True,72
2022-12-05,Mon,79,7,9,True,79
2022-12-06,Tue,91,9,1,True,91
2022-12-07,Wed,63,6,3,True,63
2022-12-08,Thu,99,9,9,True,99
2022-12-09,Fri,44,4,4,True,44
2022-12-10,Sat,64,6,4,True,64
2022-12-12,Mon,25,2,5,True,25
2022-12-13,Tue,42,4,2,True,42
2022-12-14,Wed,87,8,7,True,87
2022-12-15,Thu,87,8,7,True,87
2022-12-16,Fri,58,5,8,True,58
2022-12-17,Sat,28,2,8,True,28
2022-12-19,Mon,31,3,1,True,31
2022-12-20,Tue,94,9,4,True,94
2022-12-21,Wed,61,6,1,True,61
2022-12-22,Thu,18,1,8,True,18
2022-12-23,Fri,98,9,8,True,98
2022-12-24,Sat,46,4,6,True,46
2022-12-26,Mon,94,9,4,True,94
2022-12-27,Tue,81,8,1,True,81
2022-12-28,Wed,55,5,5,True,55
2022-12-29,Thu,90,9,0,True,90
2022-12-30,Fri,58,5,8,True,58
2022-12-31,Sat,61,6,1,True,61
2023-01-02,Mon,87,8,7,True,87
2023-01-03,Tue,11,1,1,True,11
2023-01-04,Wed,11,1,1,True,11
2023-01-05,Thu,85,8,5,True,85
2023-01-06,Fri,17,1,7,True,17
2023-01-07,Sat,19,1,9,True,19
2023-01-09,Mon,97,9,7,True,97
2023-01-10,Tue,35,3,5,True,35
2023-01-11,Wed,79,7,9,True,79
2023-01-12,Thu,57,5,7,True,57
2023-01-13,Fri,72,7,2,True,72
2023-01-14,Sat,33,3,3,True,33
2023-01-16,Mon,02,0,2,True,02
2023-01-17,Tue,15,1,5,True,15
2023-01-18,Wed,15,1,5,True,15
2023-01-19,Thu,69,6,9,True,69
2023-01-20,Fri,96,9,6,True,96
2023-01-21,Sat,82,8,2,True,82
2023-01-23,Mon,94,9,4,True,94
2023-01-24,Tue,56,5,6,True,56
2023-01-25,Wed,80,8,0,True,80
2023-01-26,Thu,,,,False,**
2023-01-27,Fri,89,8,9,True,89
2023-01-28,Sat,15,1,5,True,15
2023-01-30,Mon,48,4,8,True,48
2023-01-31,Tue,38,3,8,True,38
2023-02-01,Wed,48,4,8,True,48
2023-02-02,Thu,30,3,0,True,30
2023-02-03,Fri,47,4,7,True,47
2023-02-04,Sat,12,1,2,True,12
2023-02-06,Mon,44,4,4,True,44
2023-02-07,Tue,95,9,5,True,95
2023-02-08,Wed,53,5,3,True,53
2023-02-09,Thu,11,1,1,True,11
2023-02-10,Fri,22,2,2,True,22
2023-02-11,Sat,92,9,2,True,92
2023-02-13,Mon,80,8,0,True,80
2023-02-14,Tue,39,3,9,True,39
2023-02-15,Wed,52,5,2,True,52
2023-02-16,Thu,68,6,8,True,68
2023-02-17,Fri,67,6,7,True,67
2023-02-18,Sat,73,7,3,True,73
2023-02-20,Mon,43,4,3,True,43
2023-02-21,Tue,11,1,1,True,11
2023-02-22,Wed,50,5,0,True,50
2023-02-23,Thu,12,1,2,True,12
2023-02-24,Fri,26,2,6,True,26
2023-02-25,Sat,56,5,6,True,56
2023-02-27,Mon,51,5,1,True,51
2023-02-28,Tue,94,9,4,True,94
2023-03-01,Wed,85,8,5,True,85
2023-03-02,Thu,60,6,0,True,60
2023-03-03,Fri,37,3,7,True,37
2023-03-04,Sat,16,1,6,True,16
2023-03-06,Mon,14,1,4,True,14
2023-03-07,Tue,34,3,4,True,34
2023-03-08,Wed,,,,False,**
2023-03-09,Thu,93,9,3,True,93
2023-03-10,Fri,61,6,1,True,61
2023-03-11,Sat,64,6,4,True,64
2023-03-13,Mon,96,9,6,True,96
2023-03-14,Tue,00,0,0,True,00
2023-03-15,Wed,30,3,0,True,30
2023-03-16,Thu,38,3,8,True,38
2023-03-17,Fri,89,8,9,True,89
2023-03-18,Sat,83,8,3,True,83
2023-03-20,Mon,76,7,6,True,76
2023-03-21,Tue,22,2,2,True,22
2023-03-22,Wed,07,0,7,True,07
2023-03-23,Thu,97,9,7,True,97
2023-03-24,Fri,01,0,1,True,01
2023-03-25,Sat,58,5,8,True,58
2023-03-27,Mon,36,3,6,True,36
2023-03-28,Tue,87,8,7,True,87
2023-03-29,Wed,37,3,7,True,37
2023-03-30,Thu,95,9,5,True,95
2023-03-31,Fri,68,6,8,True,68
2023-04-01,Sat,07,0,7,True,07
2023-04-03,Mon,60,6,0,True,60
2023-04-04,Tue,81,8,1,True,81
2023-04-05,Wed,43,4,3,True,43
2023-04-06,Thu,72,7,2,True,72
2023-04-07,Fri,26,2,6,True,26
2023-04-08,Sat,98,9,8,True,98
2023-04-10,Mon,70,7,0,True,70
2023-04-11,Tue,04,0,4,True,04
2023-04-12,Wed,42,4,2,True,42
2023-04-13,Thu,17,1,7,True,17
2023-04-14,Fri,58,5,8,True,58
2023-04-15,Sat,35,3,5,True,35
2026-04-27,Mon,79,7,9,True,79
2026-04-28,Tue,98,9,8,True,98
2026-04-29,Wed,75,7,5,True,75
2026-04-30,Thu,37,3,7,True,37
2026-05-01,Fri,97,9,7,True,97
2026-05-02,Sat,68,6,8,True,68
2026-05-04,Mon,95,9,5,True,95
2026-05-05,Tue,13,1,3,True,13
2026-05-06,Wed,95,9,5,True,95
2026-05-07,Thu,51,5,1,True,51
2026-05-08,Fri,34,3,4,True,34
2026-05-09,Sat,18,1,8,True,18
2026-05-11,Mon,14,1,4,True,14
2026-05-12,Tue,14,1,4,True,14
2026-05-13,Wed,32,3,2,True,32
2026-05-14,Thu,20,2,0,True,20
2026-05-15,Fri,93,9,3,True,93
2026-05-16,Sat,78,7,8,True,78
2026-05-18,Mon,89,8,9,True,89
2026-05-19,Tue,64,6,4,True,64
2026-05-20,Wed,31,3,1,True,31
2026-05-21,Thu,24,2,4,True,24
2026-05-22,Fri,00,0,0,True,00
2026-05-23,Sat,13,1,3,True,13
2026-05-25,Mon,72,7,2,True,72
2026-05-26,Tue,71,7,1,True,71
2026-05-27,Wed,21,2,1,True,21
2026-05-28,Thu,75,7,5,True,75
2026-05-29,Fri,01,0,1,True,01
2026-05-30,Sat,95,9,5,True,95
2026-06-01,Mon,02,0,2,True,02
2026-06-02,Tue,38,3,8,True,38
2026-06-03,Wed,31,3,1,True,31
2026-06-04,Thu,83,8,3,True,83
2026-06-05,Fri,80,8,0,True,80
2026-06-06,Sat,50,5,0,True,50
2026-06-08,Mon,92,9,2,True,92
2026-06-09,Tue,62,6,2,True,62
2026-06-10,Wed,95,9,5,True,95
2026-06-11,Thu,30,3,0,True,30
2026-06-12,Fri,78,7,8,True,78
2026-06-13,Sat,17,1,7,True,17
2026-06-15,Mon,50,5,0,True,50
2026-06-16,Tue,23,2,3,True,23
2026-06-17,Wed,02,0,2,True,02
2026-06-18,Thu,13,1,3,True,13
2026-06-19,Fri,96,9,6,True,96
2026-06-20,Sat,92,9,2,True,92
2026-06-22,Mon,08,0,8,True,08
2026-06-23,Tue,34,3,4,True,34
2026-06-24,Wed,57,5,7,True,57
2026-06-25,Thu,21,2,1,True,21
2026-06-26,Fri,93,9,3,True,93
2026-06-27,Sat,97,9,7,True,97
2026-06-29,Mon,34,3,4,True,34
2026-06-30,Tue,06,0,6,True,06
2026-07-01,Wed,94,9,4,True,94
2026-07-02,Thu,06,0,6,True,06
2026-07-03,Fri,03,0,3,True,03
2026-07-04,Sat,49,4,9,True,49
2026-07-06,Mon,95,9,5,True,95
2026-07-07,Tue,75,7,5,True,75
2026-07-08,Wed,69,6,9,True,69
2026-07-09,Thu,14,1,4,True,14
2026-07-10,Fri,64,6,4,True,64
2026-07-11,Sat,96,9,6,True,96
2026-07-13,Mon,74,7,4,True,74
2026-07-14,Tue,01,0,1,True,01
2026-07-15,Wed,14,1,4,True,14
2026-07-16,Thu,45,4,5,True,45
2026-07-17,Fri,81,8,1,True,81
2026-07-18,Sat,62,6,2,True,62
2026-07-20,Mon,31,3,1,True,31
2026-07-21,Tue,31,3,1,True,31
2026-07-22,Wed,78,7,8,True,78
2026-07-23,Thu,00,0,0,True,00
2026-07-24,Fri,04,0,4,True,04
2026-07-25,Sat,74,7,4,True,74
2026-07-27,Mon,26,2,6,True,26
2026-07-28,Tue,26,2,6,True,26
2026-07-29,Wed,45,4,5,True,45
2026-07-30,Thu,28,2,8,True,28
2026-07-31,Fri,23,2,3,True,23
2026-08-01,Sat,32,3,2,True,32
2026-08-03,Mon,99,9,9,True,99
2026-08-04,Tue,65,6,5,True,65
2026-08-05,Wed,66,6,6,True,66
2026-08-06,Thu,89,8,9,True,89
2026-08-07,Fri,59,5,9,True,59
2026-08-08,Sat,67,6,7,True,67
2026-08-10,Mon,26,2,6,True,26
2026-08-11,Tue,81,8,1,True,81
2026-08-12,Wed,38,3,8,True,38
2026-08-13,Thu,37,3,7,True,37
2026-08-14,Fri,26,2,6,True,26
2026-08-15,Sat,,,,False,**
2026-08-17,Mon,33,3,3,True,33
2026-08-18,Tue,20,2,0,True,20
2026-08-19,Wed,73,7,3,True,73
2026-08-20,Thu,88,8,8,True,88
2026-08-21,Fri,99,9,9,True,99
2026-08-22,Sat,31,3,1,True,31
2026-08-24,Mon,07,0,7,True,07
2026-08-25,Tue,17,1,7,True,17
2026-08-26,Wed,33,3,3,True,33
2026-08-27,Thu,92,9,2,True,92
2026-08-28,Fri,32,3,2,True,32
2026-08-29,Sat,50,5,0,True,50
2026-08-31,Mon,69,6,9,True,69
2026-09-01,Tue,05,0,5,True,05
2026-09-02,Wed,18,1,8,True,18
2026-09-03,Thu,65,6,5,True,65
2026-09-04,Fri,70,7,0,True,70
2026-09-05,Sat,63,6,3,True,63
2026-09-07,Mon,96,9,6,True,96
2026-09-08,Tue,76,7,6,True,76
2026-09-09,Wed,27,2,7,True,27
2026-09-10,Thu,15,1,5,True,15
2026-09-11,Fri,59,5,9,True,59
2026-09-12,Sat,15,1,5,True,15
2026-09-14,Mon,00,0,0,True,00
2026-09-15,Tue,58,5,8,True,58
2026-09-16,Wed,50,5,0,True,50
2026-09-17,Thu,58,5,8,True,58
2026-09-18,Fri,73,7,3,True,73
2026-09-19,Sat,43,4,3,True,43
2026-09-21,Mon,24,2,4,True,24
2026-09-22,Tue,65,6,5,True,65
2026-09-23,Wed,11,1,1,True,11
2026-09-24,Thu,05,0,5,True,05
2026-09-25,Fri,27,2,7,True,27
2026-09-26,Sat,16,1,6,True,16
2026-09-28,Mon,17,1,7,True,17
2026-09-29,Tue,22,2,2,True,22
2026-09-30,Wed,88,8,8,True,88
2026-10-01,Thu,18,1,8,True,18
2026-10-02,Fri,84,8,4,True,84
2026-10-03,Sat,98,9,8,True,98
2026-10-05,Mon,16,1,6,True,16
